Column,Value,Frequency
battery_power,1872,6
battery_power,618,6
battery_power,1589,6
battery_power,1715,5
battery_power,1807,5
battery_power,1310,5
battery_power,1083,5
battery_power,1512,5
battery_power,1379,5
battery_power,1949,5
battery_power,772,5
battery_power,1414,5
battery_power,1068,5
battery_power,1330,5
battery_power,504,5
battery_power,1413,5
battery_power,1063,5
battery_power,832,5
battery_power,894,4
battery_power,1254,4
battery_power,999,4
battery_power,1702,4
battery_power,880,4
battery_power,808,4
battery_power,930,4
battery_power,1811,4
battery_power,987,4
battery_power,1762,4
battery_power,713,4
battery_power,825,4
battery_power,659,4
battery_power,793,4
battery_power,511,4
battery_power,1569,4
battery_power,1576,4
battery_power,1562,4
battery_power,1035,4
battery_power,904,4
battery_power,1154,4
battery_power,1225,4
battery_power,989,4
battery_power,623,4
battery_power,1617,4
battery_power,586,4
battery_power,826,4
battery_power,600,4
battery_power,730,4
battery_power,864,4
battery_power,972,4
battery_power,946,4
battery_power,1039,4
battery_power,1494,4
battery_power,912,4
battery_power,1991,4
battery_power,1986,4
battery_power,1602,4
battery_power,1454,4
battery_power,1002,4
battery_power,712,4
battery_power,1375,4
battery_power,1944,4
battery_power,1876,3
battery_power,911,3
battery_power,1066,3
battery_power,1077,3
battery_power,1065,3
battery_power,1829,3
battery_power,1948,3
battery_power,840,3
battery_power,1433,3
battery_power,510,3
battery_power,1965,3
battery_power,1973,3
battery_power,601,3
battery_power,1583,3
battery_power,965,3
battery_power,1442,3
battery_power,721,3
battery_power,728,3
battery_power,767,3
battery_power,1283,3
battery_power,1742,3
battery_power,805,3
battery_power,1444,3
battery_power,1689,3
battery_power,609,3
battery_power,1062,3
battery_power,1524,3
battery_power,959,3
battery_power,1266,3
battery_power,860,3
battery_power,1831,3
battery_power,1278,3
battery_power,1554,3
battery_power,535,3
battery_power,1130,3
battery_power,672,3
battery_power,1703,3
battery_power,574,3
battery_power,1923,3
battery_power,1472,3
battery_power,765,3
battery_power,648,3
battery_power,1660,3
battery_power,664,3
battery_power,1076,3
battery_power,569,3
battery_power,1590,3
battery_power,1122,3
battery_power,1549,3
battery_power,1128,3
battery_power,1836,3
battery_power,915,3
battery_power,1027,3
battery_power,1483,3
battery_power,576,3
battery_power,667,3
battery_power,869,3
battery_power,635,3
battery_power,1604,3
battery_power,848,3
battery_power,1314,3
battery_power,1312,3
battery_power,1713,3
battery_power,1793,3
battery_power,852,3
battery_power,1456,3
battery_power,1864,3
battery_power,1108,3
battery_power,1695,3
battery_power,1067,3
battery_power,539,3
battery_power,1109,3
battery_power,1994,3
battery_power,571,3
battery_power,709,3
battery_power,1945,3
battery_power,1880,3
battery_power,914,3
battery_power,561,3
battery_power,1368,3
battery_power,771,3
battery_power,774,3
battery_power,1117,3
battery_power,612,3
battery_power,733,3
battery_power,1191,3
battery_power,1271,3
battery_power,1595,3
battery_power,798,3
battery_power,1159,3
battery_power,1348,3
battery_power,1972,3
battery_power,1349,3
battery_power,1175,3
battery_power,1163,3
battery_power,984,3
battery_power,1170,3
battery_power,508,3
battery_power,1097,3
battery_power,1469,3
battery_power,1504,3
battery_power,1698,3
battery_power,614,3
battery_power,1263,3
battery_power,685,3
battery_power,1786,3
battery_power,603,3
battery_power,534,3
battery_power,1547,3
battery_power,1195,3
battery_power,1900,3
battery_power,1656,3
battery_power,909,3
battery_power,1778,3
battery_power,831,3
battery_power,1564,3
battery_power,1347,3
battery_power,560,3
battery_power,1110,3
battery_power,1396,3
battery_power,514,3
battery_power,1753,3
battery_power,1830,3
battery_power,936,3
battery_power,1661,3
battery_power,553,3
battery_power,503,3
battery_power,1936,3
battery_power,875,3
battery_power,1510,3
battery_power,797,3
battery_power,1448,3
battery_power,1496,3
battery_power,668,3
battery_power,1166,3
battery_power,1426,3
battery_power,1142,3
battery_power,1358,3
battery_power,1720,3
battery_power,1156,3
battery_power,1766,3
battery_power,1883,3
battery_power,823,3
battery_power,718,3
battery_power,645,3
battery_power,1821,3
battery_power,625,3
battery_power,775,3
battery_power,1445,3
battery_power,1866,3
battery_power,1692,3
battery_power,742,3
battery_power,688,3
battery_power,843,3
battery_power,769,3
battery_power,1485,3
battery_power,1193,3
battery_power,673,3
battery_power,1224,3
battery_power,615,3
battery_power,955,2
battery_power,541,2
battery_power,525,2
battery_power,1112,2
battery_power,1359,2
battery_power,1339,2
battery_power,1231,2
battery_power,1318,2
battery_power,518,2
battery_power,856,2
battery_power,1325,2
battery_power,1731,2
battery_power,794,2
battery_power,897,2
battery_power,704,2
battery_power,1397,2
battery_power,695,2
battery_power,966,2
battery_power,1436,2
battery_power,1606,2
battery_power,1174,2
battery_power,591,2
battery_power,781,2
battery_power,1059,2
battery_power,1403,2
battery_power,584,2
battery_power,1541,2
battery_power,1362,2
battery_power,1023,2
battery_power,1694,2
battery_power,675,2
battery_power,983,2
battery_power,1928,2
battery_power,1748,2
battery_power,1802,2
battery_power,1021,2
battery_power,689,2
battery_power,1924,2
battery_power,948,2
battery_power,1671,2
battery_power,1897,2
battery_power,501,2
battery_power,1620,2
battery_power,1369,2
battery_power,714,2
battery_power,1219,2
battery_power,1232,2
battery_power,1164,2
battery_power,1853,2
battery_power,934,2
battery_power,587,2
battery_power,1974,2
battery_power,1366,2
battery_power,1288,2
battery_power,1269,2
battery_power,1179,2
battery_power,1086,2
battery_power,962,2
battery_power,555,2
battery_power,1561,2
battery_power,1290,2
battery_power,723,2
battery_power,1519,2
battery_power,1544,2
battery_power,1230,2
battery_power,1470,2
battery_power,1424,2
battery_power,1966,2
battery_power,1658,2
battery_power,598,2
battery_power,1546,2
battery_power,1600,2
battery_power,1619,2
battery_power,719,2
battery_power,1982,2
battery_power,557,2
battery_power,1958,2
battery_power,1975,2
battery_power,922,2
battery_power,1871,2
battery_power,1878,2
battery_power,1201,2
battery_power,1770,2
battery_power,1150,2
battery_power,1719,2
battery_power,1020,2
battery_power,1969,2
battery_power,1837,2
battery_power,1776,2
battery_power,1408,2
battery_power,726,2
battery_power,1783,2
battery_power,1824,2
battery_power,1180,2
battery_power,986,2
battery_power,642,2
battery_power,643,2
battery_power,1522,2
battery_power,1497,2
battery_power,841,2
battery_power,1043,2
battery_power,1095,2
battery_power,1332,2
battery_power,581,2
battery_power,1540,2
battery_power,1342,2
battery_power,1673,2
battery_power,1498,2
battery_power,1189,2
battery_power,868,2
battery_power,1425,2
battery_power,1449,2
battery_power,530,2
battery_power,1550,2
battery_power,994,2
battery_power,757,2
battery_power,1044,2
battery_power,1843,2
battery_power,1489,2
battery_power,1672,2
battery_power,854,2
battery_power,833,2
battery_power,1983,2
battery_power,1205,2
battery_power,1628,2
battery_power,502,2
battery_power,594,2
battery_power,1777,2
battery_power,818,2
battery_power,686,2
battery_power,1090,2
battery_power,1221,2
battery_power,1000,2
battery_power,1261,2
battery_power,1699,2
battery_power,950,2
battery_power,1081,2
battery_power,1597,2
battery_power,516,2
battery_power,626,2
battery_power,1727,2
battery_power,531,2
battery_power,1910,2
battery_power,1057,2
battery_power,1745,2
battery_power,907,2
battery_power,674,2
battery_power,764,2
battery_power,582,2
battery_power,1558,2
battery_power,816,2
battery_power,1763,2
battery_power,1735,2
battery_power,1788,2
battery_power,1796,2
battery_power,1237,2
battery_power,1884,2
battery_power,1136,2
battery_power,732,2
battery_power,1004,2
battery_power,1303,2
battery_power,1299,2
battery_power,720,2
battery_power,1129,2
battery_power,1487,2
battery_power,1093,2
battery_power,627,2
battery_power,1820,2
battery_power,1515,2
battery_power,802,2
battery_power,717,2
battery_power,696,2
battery_power,683,2
battery_power,1670,2
battery_power,1317,2
battery_power,1188,2
battery_power,1624,2
battery_power,1744,2
battery_power,1640,2
battery_power,1591,2
battery_power,1940,2
battery_power,1567,2
battery_power,1250,2
battery_power,1331,2
battery_power,1236,2
battery_power,727,2
battery_power,1970,2
battery_power,680,2
battery_power,807,2
battery_power,1800,2
battery_power,1320,2
battery_power,1528,2
battery_power,1447,2
battery_power,921,2
battery_power,1614,2
battery_power,1848,2
battery_power,1285,2
battery_power,1851,2
battery_power,877,2
battery_power,1996,2
battery_power,827,2
battery_power,969,2
battery_power,1009,2
battery_power,1911,2
battery_power,891,2
battery_power,865,2
battery_power,622,2
battery_power,1849,2
battery_power,1741,2
battery_power,1030,2
battery_power,1018,2
battery_power,1092,2
battery_power,842,2
battery_power,1979,2
battery_power,1992,2
battery_power,1273,2
battery_power,589,2
battery_power,1725,2
battery_power,1559,2
battery_power,564,2
battery_power,790,2
battery_power,507,2
battery_power,973,2
battery_power,1450,2
battery_power,835,2
battery_power,708,2
battery_power,1210,2
battery_power,957,2
battery_power,862,2
battery_power,644,2
battery_power,1373,2
battery_power,1918,2
battery_power,633,2
battery_power,1799,2
battery_power,1646,2
battery_power,1578,2
battery_power,1253,2
battery_power,1708,2
battery_power,1686,2
battery_power,1514,2
battery_power,1987,2
battery_power,1827,2
battery_power,1722,2
battery_power,1281,2
battery_power,1723,2
battery_power,851,2
battery_power,961,2
battery_power,580,2
battery_power,1882,2
battery_power,1430,2
battery_power,920,2
battery_power,1648,2
battery_power,956,2
battery_power,1751,2
battery_power,1177,2
battery_power,1464,2
battery_power,768,2
battery_power,977,2
battery_power,1329,2
battery_power,1053,2
battery_power,1162,2
battery_power,1579,2
battery_power,1517,2
battery_power,1995,2
battery_power,1893,2
battery_power,1563,2
battery_power,1172,2
battery_power,1429,2
battery_power,1733,2
battery_power,538,2
battery_power,1220,2
battery_power,1611,2
battery_power,1049,2
battery_power,1054,2
battery_power,1709,2
battery_power,1659,2
battery_power,605,2
battery_power,1678,2
battery_power,1537,2
battery_power,1218,2
battery_power,536,2
battery_power,819,2
battery_power,1234,2
battery_power,1008,2
battery_power,1652,2
battery_power,1790,2
battery_power,1571,2
battery_power,1957,2
battery_power,1701,2
battery_power,1242,2
battery_power,1308,2
battery_power,1412,2
battery_power,867,2
battery_power,783,2
battery_power,1135,2
battery_power,1724,2
battery_power,1977,2
battery_power,879,2
battery_power,543,2
battery_power,1322,2
battery_power,1732,2
battery_power,657,2
battery_power,1407,2
battery_power,616,2
battery_power,1395,2
battery_power,1654,2
battery_power,578,2
battery_power,1277,2
battery_power,596,2
battery_power,1760,2
battery_power,1265,2
battery_power,1642,2
battery_power,671,2
battery_power,1989,2
battery_power,1526,2
battery_power,640,2
battery_power,1523,2
battery_power,1905,2
battery_power,1934,2
battery_power,637,2
battery_power,1082,2
battery_power,947,2
battery_power,1577,2
battery_power,1854,2
battery_power,1270,2
battery_power,1572,2
battery_power,1126,2
battery_power,748,2
battery_power,1441,2
battery_power,1296,2
battery_power,1481,2
battery_power,1356,2
battery_power,1034,2
battery_power,1137,2
battery_power,563,2
battery_power,1809,2
battery_power,1042,2
battery_power,763,2
battery_power,1712,2
battery_power,1954,2
battery_power,1772,2
battery_power,803,2
battery_power,1138,2
battery_power,1868,2
battery_power,1860,2
battery_power,1726,2
battery_power,652,2
battery_power,902,2
battery_power,1048,2
battery_power,1007,2
battery_power,1089,2
battery_power,1697,2
battery_power,1874,2
battery_power,1417,2
battery_power,1187,2
battery_power,1615,2
battery_power,1552,2
battery_power,1588,2
battery_power,1476,2
battery_power,1631,2
battery_power,916,2
battery_power,1663,2
battery_power,1747,2
battery_power,1190,2
battery_power,1260,2
battery_power,1289,2
battery_power,707,2
battery_power,932,2
battery_power,595,2
battery_power,1681,2
battery_power,1960,2
battery_power,1438,2
battery_power,1520,2
battery_power,1926,2
battery_power,1479,2
battery_power,1902,2
battery_power,899,2
battery_power,1178,2
battery_power,513,2
battery_power,1337,2
battery_power,1976,2
battery_power,1197,2
battery_power,1961,1
battery_power,1757,1
battery_power,1988,1
battery_power,1859,1
battery_power,1998,1
battery_power,1423,1
battery_power,1398,1
battery_power,1073,1
battery_power,796,1
battery_power,1446,1
battery_power,1321,1
battery_power,608,1
battery_power,882,1
battery_power,1885,1
battery_power,548,1
battery_power,1012,1
battery_power,1457,1
battery_power,1493,1
battery_power,1759,1
battery_power,951,1
battery_power,925,1
battery_power,1791,1
battery_power,958,1
battery_power,1328,1
battery_power,1680,1
battery_power,509,1
battery_power,1801,1
battery_power,592,1
battery_power,1533,1
battery_power,610,1
battery_power,1805,1
battery_power,1420,1
battery_power,1685,1
battery_power,1792,1
battery_power,1842,1
battery_power,1071,1
battery_power,1616,1
battery_power,1920,1
battery_power,649,1
battery_power,684,1
battery_power,1484,1
battery_power,917,1
battery_power,1279,1
battery_power,544,1
battery_power,913,1
battery_power,590,1
battery_power,1935,1
battery_power,1566,1
battery_power,1327,1
battery_power,1127,1
battery_power,1906,1
battery_power,1667,1
battery_power,1913,1
battery_power,1240,1
battery_power,1794,1
battery_power,1971,1
battery_power,1309,1
battery_power,697,1
battery_power,1215,1
battery_power,1157,1
battery_power,1784,1
battery_power,885,1
battery_power,1451,1
battery_power,1158,1
battery_power,1898,1
battery_power,1262,1
battery_power,1139,1
battery_power,1467,1
battery_power,1895,1
battery_power,1749,1
battery_power,1103,1
battery_power,1367,1
battery_power,740,1
battery_power,1075,1
battery_power,799,1
battery_power,1384,1
battery_power,702,1
battery_power,1507,1
battery_power,1538,1
battery_power,1275,1
battery_power,1825,1
battery_power,908,1
battery_power,1361,1
battery_power,1259,1
battery_power,1901,1
battery_power,759,1
battery_power,1176,1
battery_power,888,1
battery_power,871,1
battery_power,1644,1
battery_power,1365,1
battery_power,1056,1
battery_power,1038,1
battery_power,991,1
battery_power,1370,1
battery_power,1114,1
battery_power,1405,1
battery_power,896,1
battery_power,1199,1
battery_power,676,1
battery_power,665,1
battery_power,599,1
battery_power,820,1
battery_power,1568,1
battery_power,681,1
battery_power,753,1
battery_power,1779,1
battery_power,1641,1
battery_power,634,1
battery_power,1855,1
battery_power,731,1
battery_power,926,1
battery_power,1001,1
battery_power,1676,1
battery_power,1938,1
battery_power,1148,1
battery_power,744,1
battery_power,995,1
battery_power,1492,1
battery_power,993,1
battery_power,1206,1
battery_power,1815,1
battery_power,1319,1
battery_power,1765,1
battery_power,546,1
battery_power,964,1
battery_power,1946,1
battery_power,1171,1
battery_power,1202,1
battery_power,1856,1
battery_power,579,1
battery_power,895,1
battery_power,1607,1
battery_power,1862,1
battery_power,1453,1
battery_power,1194,1
battery_power,942,1
battery_power,1131,1
battery_power,1306,1
battery_power,682,1
battery_power,1152,1
battery_power,1890,1
battery_power,1603,1
battery_power,1521,1
battery_power,1826,1
battery_power,838,1
battery_power,1125,1
battery_power,1630,1
battery_power,1146,1
battery_power,1248,1
battery_power,1967,1
battery_power,1003,1
battery_power,1416,1
battery_power,770,1
battery_power,1812,1
battery_power,1208,1
battery_power,1509,1
battery_power,1010,1
battery_power,1307,1
battery_power,855,1
battery_power,519,1
battery_power,1768,1
battery_power,990,1
battery_power,1072,1
battery_power,725,1
battery_power,1333,1
battery_power,1927,1
battery_power,1143,1
battery_power,565,1
battery_power,520,1
battery_power,1834,1
battery_power,1806,1
battery_power,537,1
battery_power,1638,1
battery_power,1045,1
battery_power,776,1
battery_power,1565,1
battery_power,1147,1
battery_power,1052,1
battery_power,1714,1
battery_power,1404,1
battery_power,729,1
battery_power,837,1
battery_power,1249,1
battery_power,602,1
battery_power,1392,1
battery_power,1922,1
battery_power,1134,1
battery_power,1006,1
battery_power,1933,1
battery_power,630,1
battery_power,1581,1
battery_power,1823,1
battery_power,935,1
battery_power,1352,1
battery_power,761,1
battery_power,1015,1
battery_power,1183,1
battery_power,881,1
battery_power,1816,1
battery_power,1251,1
battery_power,940,1
battery_power,1211,1
battery_power,636,1
battery_power,1280,1
battery_power,1410,1
battery_power,1354,1
battery_power,1908,1
battery_power,1070,1
battery_power,970,1
battery_power,1028,1
battery_power,583,1
battery_power,1203,1
battery_power,963,1
battery_power,1650,1
battery_power,527,1
battery_power,873,1
battery_power,722,1
battery_power,628,1
battery_power,1335,1
battery_power,844,1
battery_power,834,1
battery_power,1343,1
battery_power,1207,1
battery_power,1575,1
battery_power,1186,1
battery_power,512,1
battery_power,1104,1
battery_power,1355,1
battery_power,1144,1
battery_power,1867,1
battery_power,863,1
battery_power,817,1
battery_power,1730,1
battery_power,663,1
battery_power,1391,1
battery_power,1560,1
battery_power,821,1
battery_power,1717,1
battery_power,811,1
battery_power,654,1
battery_power,1557,1
battery_power,1486,1
battery_power,1182,1
battery_power,705,1
battery_power,1610,1
battery_power,1527,1
battery_power,1828,1
battery_power,706,1
battery_power,1394,1
battery_power,804,1
battery_power,658,1
battery_power,809,1
battery_power,710,1
battery_power,638,1
battery_power,1677,1
battery_power,890,1
battery_power,1721,1
battery_power,1623,1
battery_power,662,1
battery_power,1981,1
battery_power,1334,1
battery_power,1980,1
battery_power,1439,1
battery_power,1204,1
battery_power,967,1
battery_power,1647,1
battery_power,1501,1
battery_power,1892,1
battery_power,1592,1
battery_power,1662,1
battery_power,1160,1
battery_power,1839,1
battery_power,550,1
battery_power,1953,1
battery_power,1149,1
battery_power,829,1
battery_power,558,1
battery_power,1432,1
battery_power,1264,1
battery_power,554,1
battery_power,545,1
battery_power,928,1
battery_power,1937,1
battery_power,1276,1
battery_power,1782,1
battery_power,1822,1
battery_power,1956,1
battery_power,1530,1
battery_power,1997,1
battery_power,1536,1
battery_power,1707,1
battery_power,1011,1
battery_power,568,1
battery_power,1929,1
battery_power,1887,1
battery_power,954,1
battery_power,853,1
battery_power,1627,1
battery_power,1608,1
battery_power,1844,1
battery_power,1406,1
battery_power,1758,1
battery_power,1229,1
battery_power,1168,1
battery_power,1653,1
battery_power,1845,1
battery_power,752,1
battery_power,1968,1
battery_power,641,1
battery_power,1350,1
battery_power,737,1
battery_power,577,1
battery_power,1185,1
battery_power,1217,1
battery_power,777,1
battery_power,532,1
battery_power,1889,1
battery_power,1780,1
battery_power,857,1
battery_power,1875,1
battery_power,1773,1
battery_power,1846,1
battery_power,1832,1
battery_power,1074,1
battery_power,1421,1
battery_power,1813,1
battery_power,1899,1
battery_power,739,1
battery_power,1058,1
battery_power,666,1
battery_power,1462,1
battery_power,1315,1
battery_power,1482,1
battery_power,1841,1
battery_power,924,1
battery_power,1036,1
battery_power,1993,1
battery_power,570,1
battery_power,701,1
battery_power,1896,1
battery_power,1645,1
battery_power,1914,1
battery_power,788,1
battery_power,1227,1
battery_power,1323,1
battery_power,1919,1
battery_power,1212,1
battery_power,1029,1
battery_power,1582,1
battery_power,1478,1
battery_power,755,1
battery_power,651,1
battery_power,1835,1
battery_power,1503,1
battery_power,621,1
battery_power,715,1
battery_power,1755,1
battery_power,1422,1
battery_power,1511,1
battery_power,1665,1
battery_power,786,1
battery_power,1101,1
battery_power,1959,1
battery_power,1461,1
battery_power,1925,1
battery_power,1216,1
battery_power,980,1
battery_power,812,1
battery_power,547,1
battery_power,506,1
battery_power,1840,1
battery_power,1674,1
battery_power,687,1
battery_power,1696,1
battery_power,1632,1
battery_power,606,1
battery_power,517,1
battery_power,1099,1
battery_power,1119,1
battery_power,551,1
battery_power,1371,1
battery_power,1633,1
battery_power,1881,1
battery_power,1963,1
battery_power,919,1
battery_power,1402,1
battery_power,801,1
battery_power,703,1
battery_power,1165,1
battery_power,1502,1
battery_power,1814,1
battery_power,523,1
battery_power,559,1
battery_power,1869,1
battery_power,593,1
battery_power,1300,1
battery_power,1031,1
battery_power,815,1
battery_power,1100,1
battery_power,1939,1
battery_power,1657,1
battery_power,1268,1
battery_power,1930,1
battery_power,1587,1
battery_power,1775,1
battery_power,617,1
battery_power,1635,1
battery_power,1804,1
battery_power,1084,1
battery_power,1344,1
battery_power,1106,1
battery_power,1729,1
battery_power,1545,1
battery_power,1341,1
battery_power,745,1
battery_power,1542,1
battery_power,1213,1
battery_power,1272,1
battery_power,866,1
battery_power,741,1
battery_power,846,1
battery_power,1245,1
battery_power,1655,1
battery_power,1380,1
battery_power,1688,1
battery_power,1852,1
battery_power,1132,1
battery_power,1151,1
battery_power,906,1
battery_power,1064,1
battery_power,1488,1
battery_power,1313,1
battery_power,528,1
battery_power,981,1
battery_power,1133,1
battery_power,1664,1
battery_power,1718,1
battery_power,724,1
battery_power,822,1
battery_power,1891,1
battery_power,814,1
battery_power,1286,1
battery_power,1907,1
battery_power,893,1
battery_power,1184,1
battery_power,787,1
battery_power,1161,1
battery_power,1808,1
battery_power,1593,1
battery_power,839,1
battery_power,1387,1
battery_power,918,1
battery_power,754,1
battery_power,1113,1
battery_power,1431,1
battery_power,691,1
battery_power,878,1
battery_power,1181,1
battery_power,1490,1
battery_power,1634,1
battery_power,1046,1
battery_power,892,1
battery_power,1239,1
battery_power,1345,1
battery_power,1087,1
battery_power,1861,1
battery_power,1596,1
battery_power,1754,1
battery_power,1382,1
battery_power,1584,1
battery_power,1625,1
battery_power,1539,1
battery_power,1428,1
battery_power,1061,1
battery_power,743,1
battery_power,903,1
battery_power,874,1
battery_power,1531,1
battery_power,979,1
battery_power,1336,1
battery_power,694,1
battery_power,1886,1
battery_power,1551,1
battery_power,1284,1
battery_power,850,1
battery_power,660,1
battery_power,1452,1
battery_power,1005,1
battery_power,1372,1
battery_power,858,1
blue,0,1010
blue,1,990
clock_speed,0.5,413
clock_speed,2.8,85
clock_speed,2.3,78
clock_speed,2.1,76
clock_speed,1.6,76
clock_speed,2.5,74
clock_speed,0.6,74
clock_speed,1.4,70
clock_speed,1.3,68
clock_speed,1.5,67
clock_speed,2.0,67
clock_speed,1.9,65
clock_speed,0.7,64
clock_speed,2.9,62
clock_speed,1.8,62
clock_speed,1.0,61
clock_speed,1.7,60
clock_speed,2.2,59
clock_speed,0.9,58
clock_speed,2.4,58
clock_speed,0.8,58
clock_speed,1.2,56
clock_speed,2.6,55
clock_speed,2.7,55
clock_speed,1.1,51
clock_speed,3.0,28
dual_sim,1,1019
dual_sim,0,981
fc,0,474
fc,1,245
fc,2,189
fc,3,170
fc,5,139
fc,4,133
fc,6,112
fc,7,100
fc,9,78
fc,8,77
fc,10,62
fc,11,51
fc,12,45
fc,13,40
fc,16,24
fc,15,23
fc,14,20
fc,18,11
fc,17,6
fc,19,1
four_g,1,1043
four_g,0,957
int_memory,27,47
int_memory,16,45
int_memory,14,45
int_memory,57,42
int_memory,2,42
int_memory,42,40
int_memory,7,40
int_memory,44,39
int_memory,30,39
int_memory,6,37
int_memory,8,37
int_memory,21,36
int_memory,58,36
int_memory,12,36
int_memory,23,36
int_memory,10,36
int_memory,33,36
int_memory,5,36
int_memory,41,35
int_memory,50,35
int_memory,9,35
int_memory,52,35
int_memory,46,34
int_memory,11,34
int_memory,20,34
int_memory,19,34
int_memory,35,33
int_memory,45,33
int_memory,54,32
int_memory,49,32
int_memory,34,32
int_memory,40,32
int_memory,13,31
int_memory,32,31
int_memory,51,31
int_memory,64,31
int_memory,63,30
int_memory,39,30
int_memory,24,30
int_memory,31,29
int_memory,17,29
int_memory,55,29
int_memory,26,29
int_memory,18,28
int_memory,53,28
int_memory,56,27
int_memory,15,27
int_memory,36,27
int_memory,61,27
int_memory,60,27
int_memory,47,26
int_memory,28,26
int_memory,3,25
int_memory,48,25
int_memory,25,24
int_memory,29,24
int_memory,37,24
int_memory,43,24
int_memory,22,24
int_memory,38,23
int_memory,62,21
int_memory,4,20
int_memory,59,18
m_dep,0.1,320
m_dep,0.2,213
m_dep,0.8,208
m_dep,0.5,205
m_dep,0.7,200
m_dep,0.3,199
m_dep,0.9,195
m_dep,0.6,186
m_dep,0.4,168
m_dep,1.0,106
mobile_wt,182,28
mobile_wt,101,27
mobile_wt,185,27
mobile_wt,146,26
mobile_wt,199,26
mobile_wt,88,25
mobile_wt,198,25
mobile_wt,105,25
mobile_wt,89,24
mobile_wt,131,23
mobile_wt,114,23
mobile_wt,145,23
mobile_wt,160,23
mobile_wt,138,22
mobile_wt,104,22
mobile_wt,187,22
mobile_wt,169,22
mobile_wt,134,22
mobile_wt,111,21
mobile_wt,80,21
mobile_wt,124,21
mobile_wt,158,20
mobile_wt,196,20
mobile_wt,100,20
mobile_wt,102,20
mobile_wt,103,19
mobile_wt,150,19
mobile_wt,86,19
mobile_wt,200,19
mobile_wt,123,19
mobile_wt,83,19
mobile_wt,197,19
mobile_wt,159,19
mobile_wt,141,19
mobile_wt,172,18
mobile_wt,109,18
mobile_wt,186,18
mobile_wt,155,18
mobile_wt,153,18
mobile_wt,157,18
mobile_wt,107,18
mobile_wt,151,18
mobile_wt,135,17
mobile_wt,178,17
mobile_wt,130,17
mobile_wt,170,17
mobile_wt,181,17
mobile_wt,190,17
mobile_wt,84,17
mobile_wt,113,17
mobile_wt,163,17
mobile_wt,112,17
mobile_wt,93,17
mobile_wt,132,17
mobile_wt,162,17
mobile_wt,168,16
mobile_wt,194,16
mobile_wt,173,16
mobile_wt,117,16
mobile_wt,129,16
mobile_wt,121,16
mobile_wt,156,16
mobile_wt,166,16
mobile_wt,165,16
mobile_wt,136,16
mobile_wt,148,16
mobile_wt,161,15
mobile_wt,191,15
mobile_wt,128,15
mobile_wt,95,15
mobile_wt,144,15
mobile_wt,139,15
mobile_wt,142,15
mobile_wt,147,15
mobile_wt,82,15
mobile_wt,164,15
mobile_wt,87,15
mobile_wt,106,15
mobile_wt,192,15
mobile_wt,193,15
mobile_wt,91,15
mobile_wt,154,15
mobile_wt,115,14
mobile_wt,174,14
mobile_wt,97,14
mobile_wt,110,14
mobile_wt,126,14
mobile_wt,184,14
mobile_wt,119,14
mobile_wt,118,14
mobile_wt,177,13
mobile_wt,81,13
mobile_wt,183,13
mobile_wt,125,13
mobile_wt,92,13
mobile_wt,85,13
mobile_wt,90,13
mobile_wt,94,13
mobile_wt,189,13
mobile_wt,122,13
mobile_wt,99,13
mobile_wt,98,12
mobile_wt,188,12
mobile_wt,180,12
mobile_wt,179,12
mobile_wt,143,12
mobile_wt,152,12
mobile_wt,127,12
mobile_wt,167,11
mobile_wt,175,11
mobile_wt,133,11
mobile_wt,195,11
mobile_wt,171,11
mobile_wt,176,10
mobile_wt,137,10
mobile_wt,108,10
mobile_wt,116,10
mobile_wt,140,9
mobile_wt,120,9
mobile_wt,149,9
mobile_wt,96,9
n_cores,4,274
n_cores,7,259
n_cores,8,256
n_cores,2,247
n_cores,3,246
n_cores,5,246
n_cores,1,242
n_cores,6,230
pc,10,122
pc,7,119
pc,9,112
pc,20,110
pc,1,104
pc,14,104
pc,0,101
pc,2,99
pc,17,99
pc,6,95
pc,4,95
pc,3,93
pc,15,92
pc,12,90
pc,8,89
pc,16,88
pc,13,85
pc,19,83
pc,18,82
pc,11,79
pc,5,59
px_height,347,7
px_height,179,6
px_height,371,6
px_height,275,6
px_height,674,5
px_height,286,5
px_height,42,5
px_height,211,5
px_height,649,5
px_height,398,5
px_height,327,5
px_height,322,5
px_height,526,5
px_height,356,5
px_height,88,5
px_height,730,5
px_height,447,5
px_height,56,5
px_height,168,5
px_height,667,5
px_height,293,5
px_height,461,4
px_height,361,4
px_height,127,4
px_height,485,4
px_height,546,4
px_height,262,4
px_height,713,4
px_height,396,4
px_height,831,4
px_height,570,4
px_height,193,4
px_height,1399,4
px_height,410,4
px_height,273,4
px_height,626,4
px_height,418,4
px_height,1331,4
px_height,419,4
px_height,519,4
px_height,584,4
px_height,68,4
px_height,159,4
px_height,217,4
px_height,195,4
px_height,919,4
px_height,304,4
px_height,632,4
px_height,291,4
px_height,954,4
px_height,271,4
px_height,344,4
px_height,149,4
px_height,202,4
px_height,214,4
px_height,140,4
px_height,875,4
px_height,518,4
px_height,311,4
px_height,777,4
px_height,1109,4
px_height,655,4
px_height,115,4
px_height,229,4
px_height,431,4
px_height,186,4
px_height,416,4
px_height,236,4
px_height,103,3
px_height,358,3
px_height,409,3
px_height,564,3
px_height,335,3
px_height,710,3
px_height,426,3
px_height,641,3
px_height,547,3
px_height,297,3
px_height,1285,3
px_height,295,3
px_height,65,3
px_height,594,3
px_height,190,3
px_height,574,3
px_height,199,3
px_height,397,3
px_height,881,3
px_height,475,3
px_height,169,3
px_height,105,3
px_height,18,3
px_height,118,3
px_height,1175,3
px_height,342,3
px_height,912,3
px_height,90,3
px_height,138,3
px_height,382,3
px_height,417,3
px_height,1052,3
px_height,983,3
px_height,308,3
px_height,590,3
px_height,207,3
px_height,961,3
px_height,111,3
px_height,553,3
px_height,1362,3
px_height,492,3
px_height,951,3
px_height,1698,3
px_height,729,3
px_height,163,3
px_height,329,3
px_height,1111,3
px_height,531,3
px_height,600,3
px_height,120,3
px_height,781,3
px_height,126,3
px_height,675,3
px_height,251,3
px_height,1058,3
px_height,837,3
px_height,533,3
px_height,206,3
px_height,494,3
px_height,364,3
px_height,83,3
px_height,897,3
px_height,268,3
px_height,1064,3
px_height,395,3
px_height,157,3
px_height,725,3
px_height,798,3
px_height,935,3
px_height,154,3
px_height,150,3
px_height,681,3
px_height,491,3
px_height,985,3
px_height,606,3
px_height,172,3
px_height,454,3
px_height,778,3
px_height,114,3
px_height,433,3
px_height,209,3
px_height,82,3
px_height,119,3
px_height,290,3
px_height,204,3
px_height,806,3
px_height,253,3
px_height,333,3
px_height,629,3
px_height,300,3
px_height,58,3
px_height,134,3
px_height,165,3
px_height,501,3
px_height,1028,3
px_height,91,3
px_height,130,3
px_height,79,3
px_height,593,3
px_height,437,3
px_height,35,3
px_height,404,3
px_height,650,3
px_height,1242,3
px_height,125,3
px_height,846,3
px_height,800,3
px_height,117,3
px_height,178,3
px_height,468,3
px_height,85,3
px_height,1171,3
px_height,59,3
px_height,609,3
px_height,98,3
px_height,1573,3
px_height,622,3
px_height,511,3
px_height,605,3
px_height,201,3
px_height,692,3
px_height,776,3
px_height,670,3
px_height,320,3
px_height,1314,3
px_height,306,3
px_height,205,3
px_height,160,3
px_height,4,3
px_height,651,3
px_height,887,3
px_height,690,3
px_height,194,3
px_height,96,3
px_height,1226,3
px_height,434,3
px_height,403,3
px_height,332,3
px_height,177,3
px_height,942,3
px_height,405,3
px_height,62,3
px_height,925,3
px_height,1438,3
px_height,657,3
px_height,1055,3
px_height,108,3
px_height,818,3
px_height,956,3
px_height,747,3
px_height,1191,3
px_height,510,3
px_height,614,3
px_height,577,3
px_height,381,3
px_height,46,3
px_height,116,3
px_height,387,3
px_height,902,3
px_height,248,3
px_height,227,3
px_height,1211,3
px_height,334,3
px_height,380,3
px_height,773,2
px_height,623,2
px_height,443,2
px_height,576,2
px_height,982,2
px_height,699,2
px_height,1563,2
px_height,478,2
px_height,1140,2
px_height,203,2
px_height,683,2
px_height,223,2
px_height,687,2
px_height,167,2
px_height,1325,2
px_height,1103,2
px_height,48,2
px_height,706,2
px_height,888,2
px_height,709,2
px_height,86,2
px_height,560,2
px_height,662,2
px_height,192,2
px_height,643,2
px_height,833,2
px_height,394,2
px_height,1791,2
px_height,693,2
px_height,181,2
px_height,1446,2
px_height,376,2
px_height,287,2
px_height,440,2
px_height,470,2
px_height,523,2
px_height,0,2
px_height,234,2
px_height,536,2
px_height,767,2
px_height,742,2
px_height,189,2
px_height,424,2
px_height,161,2
px_height,225,2
px_height,263,2
px_height,664,2
px_height,612,2
px_height,1213,2
px_height,367,2
px_height,52,2
px_height,1131,2
px_height,278,2
px_height,948,2
px_height,762,2
px_height,937,2
px_height,484,2
px_height,406,2
px_height,430,2
px_height,613,2
px_height,599,2
px_height,338,2
px_height,859,2
px_height,499,2
px_height,249,2
px_height,920,2
px_height,760,2
px_height,80,2
px_height,258,2
px_height,1428,2
px_height,183,2
px_height,240,2
px_height,1024,2
px_height,691,2
px_height,385,2
px_height,1250,2
px_height,40,2
px_height,137,2
px_height,782,2
px_height,473,2
px_height,751,2
px_height,276,2
px_height,838,2
px_height,543,2
px_height,15,2
px_height,256,2
px_height,737,2
px_height,1096,2
px_height,945,2
px_height,647,2
px_height,314,2
px_height,527,2
px_height,758,2
px_height,351,2
px_height,1209,2
px_height,1222,2
px_height,113,2
px_height,144,2
px_height,1092,2
px_height,813,2
px_height,173,2
px_height,805,2
px_height,224,2
px_height,412,2
px_height,1179,2
px_height,785,2
px_height,497,2
px_height,1482,2
px_height,1571,2
px_height,686,2
px_height,853,2
px_height,991,2
px_height,586,2
px_height,1749,2
px_height,868,2
px_height,705,2
px_height,284,2
px_height,774,2
px_height,146,2
px_height,1194,2
px_height,444,2
px_height,477,2
px_height,1003,2
px_height,1145,2
px_height,1081,2
px_height,64,2
px_height,960,2
px_height,1262,2
px_height,43,2
px_height,442,2
px_height,521,2
px_height,625,2
px_height,517,2
px_height,653,2
px_height,503,2
px_height,1619,2
px_height,22,2
px_height,1123,2
px_height,905,2
px_height,717,2
px_height,952,2
px_height,3,2
px_height,963,2
px_height,496,2
px_height,724,2
px_height,1384,2
px_height,462,2
px_height,1122,2
px_height,1039,2
px_height,50,2
px_height,212,2
px_height,545,2
px_height,366,2
px_height,174,2
px_height,1012,2
px_height,1221,2
px_height,471,2
px_height,280,2
px_height,482,2
px_height,1047,2
px_height,591,2
px_height,1495,2
px_height,349,2
px_height,267,2
px_height,158,2
px_height,238,2
px_height,400,2
px_height,123,2
px_height,480,2
px_height,1626,2
px_height,8,2
px_height,532,2
px_height,81,2
px_height,698,2
px_height,274,2
px_height,757,2
px_height,486,2
px_height,1299,2
px_height,867,2
px_height,715,2
px_height,678,2
px_height,901,2
px_height,20,2
px_height,618,2
px_height,611,2
px_height,637,2
px_height,639,2
px_height,634,2
px_height,1397,2
px_height,561,2
px_height,420,2
px_height,319,2
px_height,77,2
px_height,235,2
px_height,1187,2
px_height,187,2
px_height,1419,2
px_height,188,2
px_height,151,2
px_height,788,2
px_height,104,2
px_height,71,2
px_height,1176,2
px_height,142,2
px_height,393,2
px_height,408,2
px_height,1077,2
px_height,743,2
px_height,55,2
px_height,541,2
px_height,346,2
px_height,1054,2
px_height,809,2
px_height,386,2
px_height,512,2
px_height,630,2
px_height,250,2
px_height,619,2
px_height,607,2
px_height,550,2
px_height,712,2
px_height,1172,2
px_height,1153,2
px_height,1273,2
px_height,39,2
px_height,825,2
px_height,312,2
px_height,741,2
px_height,19,2
px_height,441,2
px_height,170,2
px_height,938,2
px_height,407,2
px_height,1392,2
px_height,1001,2
px_height,384,2
px_height,1010,2
px_height,854,2
px_height,1277,2
px_height,1086,2
px_height,1100,2
px_height,466,2
px_height,504,2
px_height,718,2
px_height,1417,2
px_height,1107,2
px_height,1168,2
px_height,176,2
px_height,129,2
px_height,336,2
px_height,1116,2
px_height,506,2
px_height,1230,2
px_height,379,2
px_height,449,2
px_height,1208,2
px_height,754,2
px_height,148,2
px_height,765,2
px_height,323,2
px_height,1017,2
px_height,880,2
px_height,839,2
px_height,231,2
px_height,507,2
px_height,436,2
px_height,707,2
px_height,299,2
px_height,581,2
px_height,638,2
px_height,453,2
px_height,313,2
px_height,27,2
px_height,246,2
px_height,635,2
px_height,793,2
px_height,885,2
px_height,1013,2
px_height,331,2
px_height,861,2
px_height,538,2
px_height,282,2
px_height,819,2
px_height,1177,2
px_height,1259,2
px_height,1025,2
px_height,281,2
px_height,522,2
px_height,457,2
px_height,459,2
px_height,1125,2
px_height,1091,2
px_height,233,2
px_height,1097,2
px_height,759,2
px_height,548,2
px_height,666,2
px_height,495,2
px_height,21,2
px_height,1134,2
px_height,315,2
px_height,964,2
px_height,264,2
px_height,191,2
px_height,1233,2
px_height,1274,1
px_height,340,1
px_height,534,1
px_height,822,1
px_height,1135,1
px_height,1353,1
px_height,1565,1
px_height,1703,1
px_height,318,1
px_height,289,1
px_height,467,1
px_height,285,1
px_height,343,1
px_height,1878,1
px_height,1313,1
px_height,602,1
px_height,907,1
px_height,659,1
px_height,539,1
px_height,362,1
px_height,923,1
px_height,66,1
px_height,924,1
px_height,283,1
px_height,1836,1
px_height,916,1
px_height,1475,1
px_height,1083,1
px_height,753,1
px_height,1750,1
px_height,1078,1
px_height,272,1
px_height,1094,1
px_height,1541,1
px_height,1335,1
px_height,1085,1
px_height,1151,1
px_height,265,1
px_height,903,1
px_height,636,1
px_height,100,1
px_height,1605,1
px_height,1706,1
px_height,1603,1
px_height,1207,1
px_height,423,1
px_height,476,1
px_height,1572,1
px_height,769,1
px_height,864,1
px_height,1511,1
px_height,870,1
px_height,1379,1
px_height,220,1
px_height,557,1
px_height,796,1
px_height,1021,1
px_height,995,1
px_height,1185,1
px_height,1157,1
px_height,1240,1
px_height,1198,1
px_height,24,1
px_height,1272,1
px_height,1158,1
px_height,70,1
px_height,1333,1
px_height,768,1
px_height,1070,1
px_height,184,1
px_height,836,1
px_height,1633,1
px_height,1770,1
px_height,325,1
px_height,391,1
px_height,1043,1
px_height,812,1
px_height,824,1
px_height,1244,1
px_height,516,1
px_height,122,1
px_height,688,1
px_height,1406,1
px_height,1826,1
px_height,817,1
px_height,166,1
px_height,1040,1
px_height,339,1
px_height,882,1
px_height,763,1
px_height,755,1
px_height,294,1
px_height,958,1
px_height,1328,1
px_height,354,1
px_height,1709,1
px_height,1099,1
px_height,783,1
px_height,1382,1
px_height,530,1
px_height,1076,1
px_height,1621,1
px_height,1238,1
px_height,135,1
px_height,5,1
px_height,549,1
px_height,928,1
px_height,739,1
px_height,708,1
px_height,567,1
px_height,1699,1
px_height,1245,1
px_height,682,1
px_height,990,1
px_height,257,1
px_height,17,1
px_height,439,1
px_height,153,1
px_height,552,1
px_height,571,1
px_height,1042,1
px_height,927,1
px_height,525,1
px_height,348,1
px_height,1899,1
px_height,1188,1
px_height,679,1
px_height,1224,1
px_height,487,1
px_height,74,1
px_height,931,1
px_height,921,1
px_height,1057,1
px_height,616,1
px_height,740,1
px_height,542,1
px_height,383,1
px_height,1442,1
px_height,1352,1
px_height,1041,1
px_height,911,1
px_height,321,1
px_height,1284,1
px_height,84,1
px_height,102,1
px_height,1279,1
px_height,1137,1
px_height,296,1
px_height,1364,1
px_height,950,1
px_height,1960,1
px_height,808,1
px_height,94,1
px_height,1684,1
px_height,1050,1
px_height,1658,1
px_height,67,1
px_height,1257,1
px_height,11,1
px_height,889,1
px_height,266,1
px_height,1451,1
px_height,596,1
px_height,914,1
px_height,665,1
px_height,661,1
px_height,1216,1
px_height,1315,1
px_height,479,1
px_height,1263,1
px_height,652,1
px_height,1652,1
px_height,976,1
px_height,455,1
px_height,1196,1
px_height,1694,1
px_height,610,1
px_height,1457,1
px_height,241,1
px_height,528,1
px_height,915,1
px_height,1661,1
px_height,388,1
px_height,1048,1
px_height,892,1
px_height,1004,1
px_height,1217,1
px_height,298,1
px_height,36,1
px_height,617,1
px_height,786,1
px_height,645,1
px_height,1371,1
px_height,1332,1
px_height,428,1
px_height,1546,1
px_height,1210,1
px_height,789,1
px_height,390,1
px_height,110,1
px_height,1330,1
px_height,317,1
px_height,862,1
px_height,1225,1
px_height,728,1
px_height,429,1
px_height,672,1
px_height,1088,1
px_height,219,1
px_height,563,1
px_height,944,1
px_height,1138,1
px_height,413,1
px_height,500,1
px_height,608,1
px_height,277,1
px_height,1358,1
px_height,1310,1
px_height,930,1
px_height,835,1
px_height,460,1
px_height,1581,1
px_height,9,1
px_height,1385,1
px_height,1032,1
px_height,53,1
px_height,155,1
px_height,10,1
px_height,23,1
px_height,1063,1
px_height,1421,1
px_height,1580,1
px_height,685,1
px_height,1725,1
px_height,1420,1
px_height,1801,1
px_height,1693,1
px_height,31,1
px_height,1098,1
px_height,1765,1
px_height,1448,1
px_height,2,1
px_height,469,1
px_height,1180,1
px_height,7,1
px_height,1288,1
px_height,979,1
px_height,913,1
px_height,1524,1
px_height,1649,1
px_height,254,1
px_height,1790,1
px_height,1304,1
px_height,984,1
px_height,1161,1
px_height,242,1
px_height,1569,1
px_height,978,1
px_height,1147,1
px_height,910,1
px_height,26,1
px_height,1080,1
px_height,744,1
px_height,1466,1
px_height,764,1
px_height,245,1
px_height,973,1
px_height,73,1
px_height,588,1
px_height,1252,1
px_height,1128,1
px_height,922,1
px_height,1874,1
px_height,1015,1
px_height,1303,1
px_height,124,1
px_height,974,1
px_height,857,1
px_height,1117,1
px_height,658,1
px_height,603,1
px_height,766,1
px_height,1499,1
px_height,988,1
px_height,1618,1
px_height,1163,1
px_height,330,1
px_height,1445,1
px_height,689,1
px_height,112,1
px_height,627,1
px_height,1485,1
px_height,1502,1
px_height,589,1
px_height,1132,1
px_height,363,1
px_height,208,1
px_height,745,1
px_height,1339,1
px_height,722,1
px_height,1298,1
px_height,1214,1
px_height,474,1
px_height,1464,1
px_height,337,1
px_height,14,1
px_height,1715,1
px_height,1686,1
px_height,1074,1
px_height,1471,1
px_height,463,1
px_height,1301,1
px_height,1311,1
px_height,1568,1
px_height,1453,1
px_height,871,1
px_height,182,1
px_height,1430,1
px_height,1236,1
px_height,1156,1
px_height,377,1
px_height,1243,1
px_height,13,1
px_height,1114,1
px_height,513,1
px_height,1036,1
px_height,1347,1
px_height,520,1
px_height,198,1
px_height,1830,1
px_height,448,1
px_height,1713,1
px_height,438,1
px_height,965,1
px_height,1360,1
px_height,555,1
px_height,860,1
px_height,44,1
px_height,109,1
px_height,243,1
px_height,357,1
px_height,32,1
px_height,1858,1
px_height,303,1
px_height,1,1
px_height,802,1
px_height,1053,1
px_height,221,1
px_height,1795,1
px_height,866,1
px_height,185,1
px_height,1869,1
px_height,451,1
px_height,1119,1
px_height,671,1
px_height,1404,1
px_height,856,1
px_height,562,1
px_height,997,1
px_height,63,1
px_height,445,1
px_height,1728,1
px_height,1617,1
px_height,375,1
px_height,1545,1
px_height,481,1
px_height,1411,1
px_height,1184,1
px_height,97,1
px_height,558,1
px_height,810,1
px_height,628,1
px_height,592,1
px_height,1087,1
px_height,1792,1
px_height,389,1
px_height,966,1
px_height,1027,1
px_height,1452,1
px_height,369,1
px_height,1258,1
px_height,1345,1
px_height,228,1
px_height,1467,1
px_height,1673,1
px_height,947,1
px_height,1802,1
px_height,1127,1
px_height,980,1
px_height,1142,1
px_height,840,1
px_height,401,1
px_height,957,1
px_height,509,1
px_height,1215,1
px_height,631,1
px_height,164,1
px_height,292,1
px_height,6,1
px_height,803,1
px_height,1596,1
px_height,946,1
px_height,1613,1
px_height,270,1
px_height,1350,1
px_height,1248,1
px_height,981,1
px_height,162,1
px_height,1016,1
px_height,30,1
px_height,569,1
px_height,373,1
px_height,551,1
px_height,1391,1
px_height,680,1
px_height,1597,1
px_height,1060,1
px_height,832,1
px_height,1173,1
px_height,446,1
px_height,1308,1
px_height,1002,1
px_height,493,1
px_height,886,1
px_height,727,1
px_height,180,1
px_height,427,1
px_height,402,1
px_height,841,1
px_height,934,1
px_height,823,1
px_height,1079,1
px_height,579,1
px_height,694,1
px_height,1108,1
px_height,1486,1
px_height,1197,1
px_height,1294,1
px_height,464,1
px_height,1186,1
px_height,269,1
px_height,1641,1
px_height,302,1
px_height,1455,1
px_height,1307,1
px_height,804,1
px_height,847,1
px_height,663,1
px_height,986,1
px_height,218,1
px_height,1008,1
px_height,244,1
px_height,716,1
px_height,787,1
px_height,1432,1
px_height,704,1
px_height,1045,1
px_height,489,1
px_height,1518,1
px_height,855,1
px_height,1261,1
px_height,1203,1
px_height,145,1
px_height,1463,1
px_height,95,1
px_height,1895,1
px_height,1220,1
px_height,1011,1
px_height,1512,1
px_height,1136,1
px_height,247,1
px_height,642,1
px_height,953,1
px_height,1537,1
px_height,1578,1
px_height,821,1
px_height,849,1
px_height,465,1
px_height,38,1
px_height,51,1
px_height,850,1
px_height,1365,1
px_height,719,1
px_height,1162,1
px_height,1789,1
px_height,360,1
px_height,756,1
px_height,874,1
px_height,1590,1
px_height,1386,1
px_height,226,1
px_height,378,1
px_height,1901,1
px_height,703,1
px_height,45,1
px_height,879,1
px_height,1287,1
px_height,597,1
px_height,890,1
px_height,1260,1
px_height,621,1
px_height,328,1
px_height,1265,1
px_height,1852,1
px_height,775,1
px_height,1105,1
px_height,1223,1
px_height,450,1
px_height,660,1
px_height,811,1
px_height,1281,1
px_height,898,1
px_height,554,1
px_height,1612,1
px_height,89,1
px_height,368,1
px_height,239,1
px_height,654,1
px_height,583,1
px_height,992,1
px_height,975,1
px_height,1480,1
px_height,1638,1
px_height,1949,1
px_height,1290,1
px_height,540,1
px_height,987,1
px_height,535,1
px_height,1170,1
px_height,994,1
px_height,210,1
px_height,529,1
px_height,1178,1
px_height,575,1
px_height,75,1
px_height,1842,1
px_height,1323,1
px_height,1528,1
px_height,411,1
px_height,1102,1
px_height,215,1
px_height,490,1
px_height,1201,1
px_height,792,1
px_height,78,1
px_height,580,1
px_height,372,1
px_height,1150,1
px_height,1552,1
px_height,865,1
px_height,156,1
px_height,1914,1
px_height,936,1
px_height,761,1
px_height,673,1
px_height,472,1
px_height,977,1
px_height,359,1
px_height,714,1
px_height,843,1
px_height,1022,1
px_height,352,1
px_height,237,1
px_height,76,1
px_height,820,1
px_height,171,1
px_height,624,1
px_height,1295,1
px_height,1164,1
px_height,829,1
px_height,1734,1
px_height,970,1
px_height,1920,1
px_height,578,1
px_height,852,1
px_height,1692,1
px_height,259,1
px_height,873,1
px_height,858,1
px_height,1405,1
px_height,750,1
px_height,1587,1
px_height,815,1
px_height,701,1
px_height,721,1
px_height,458,1
px_height,370,1
px_height,1738,1
px_height,573,1
px_height,1112,1
px_height,213,1
px_height,1530,1
px_height,309,1
px_height,152,1
px_height,29,1
px_height,87,1
px_height,648,1
px_height,341,1
px_height,993,1
px_height,483,1
px_width,874,7
px_width,1247,7
px_width,1383,6
px_width,1463,6
px_width,1469,6
px_width,1393,5
px_width,1781,5
px_width,1767,5
px_width,1923,5
px_width,1429,5
px_width,1552,5
px_width,1564,5
px_width,1988,5
px_width,1234,5
px_width,679,5
px_width,1726,5
px_width,1963,5
px_width,519,5
px_width,1079,5
px_width,1263,5
px_width,772,4
px_width,1226,4
px_width,1026,4
px_width,676,4
px_width,1353,4
px_width,1418,4
px_width,1208,4
px_width,1011,4
px_width,642,4
px_width,507,4
px_width,1477,4
px_width,1666,4
px_width,1203,4
px_width,1983,4
px_width,1545,4
px_width,1264,4
px_width,974,4
px_width,627,4
px_width,1970,4
px_width,1670,4
px_width,831,4
px_width,1793,4
px_width,1299,4
px_width,1435,4
px_width,681,4
px_width,1873,4
px_width,1195,4
px_width,891,4
px_width,1364,4
px_width,882,4
px_width,822,4
px_width,1517,4
px_width,1854,4
px_width,1262,4
px_width,896,4
px_width,1090,4
px_width,670,4
px_width,563,4
px_width,1152,4
px_width,1916,4
px_width,730,4
px_width,724,4
px_width,1759,4
px_width,1005,4
px_width,952,4
px_width,1702,4
px_width,739,4
px_width,1163,4
px_width,1055,3
px_width,1013,3
px_width,1947,3
px_width,1191,3
px_width,1591,3
px_width,588,3
px_width,1989,3
px_width,1814,3
px_width,764,3
px_width,510,3
px_width,1633,3
px_width,898,3
px_width,800,3
px_width,527,3
px_width,1595,3
px_width,1089,3
px_width,1746,3
px_width,1985,3
px_width,1199,3
px_width,1291,3
px_width,1409,3
px_width,816,3
px_width,997,3
px_width,539,3
px_width,1520,3
px_width,1942,3
px_width,817,3
px_width,1554,3
px_width,709,3
px_width,877,3
px_width,1294,3
px_width,1284,3
px_width,1638,3
px_width,751,3
px_width,1742,3
px_width,1040,3
px_width,736,3
px_width,1677,3
px_width,1723,3
px_width,710,3
px_width,1029,3
px_width,986,3
px_width,939,3
px_width,893,3
px_width,818,3
px_width,1882,3
px_width,1441,3
px_width,1009,3
px_width,682,3
px_width,1256,3
px_width,1596,3
px_width,1178,3
px_width,1910,3
px_width,1995,3
px_width,1651,3
px_width,1345,3
px_width,935,3
px_width,589,3
px_width,1182,3
px_width,1330,3
px_width,1920,3
px_width,1159,3
px_width,1933,3
px_width,1190,3
px_width,1935,3
px_width,823,3
px_width,1162,3
px_width,583,3
px_width,1958,3
px_width,1838,3
px_width,819,3
px_width,1285,3
px_width,1905,3
px_width,1311,3
px_width,1836,3
px_width,790,3
px_width,1206,3
px_width,1813,3
px_width,1744,3
px_width,1827,3
px_width,1849,3
px_width,1657,3
px_width,1109,3
px_width,1118,3
px_width,1437,3
px_width,1924,3
px_width,742,3
px_width,1931,3
px_width,970,3
px_width,1179,3
px_width,1684,3
px_width,1317,3
px_width,755,3
px_width,1739,3
px_width,1316,3
px_width,1724,3
px_width,774,3
px_width,1832,3
px_width,1775,3
px_width,884,3
px_width,915,3
px_width,963,3
px_width,804,3
px_width,1036,3
px_width,714,3
px_width,1803,3
px_width,1613,3
px_width,881,3
px_width,1717,3
px_width,1259,3
px_width,654,3
px_width,1713,3
px_width,1088,3
px_width,1858,3
px_width,603,3
px_width,1809,3
px_width,1663,3
px_width,828,3
px_width,1378,3
px_width,1804,3
px_width,829,3
px_width,1018,3
px_width,1654,3
px_width,522,3
px_width,1411,3
px_width,1212,3
px_width,1455,3
px_width,1883,3
px_width,1686,3
px_width,1539,3
px_width,1042,3
px_width,1787,3
px_width,1786,3
px_width,660,3
px_width,1046,3
px_width,910,3
px_width,1224,3
px_width,559,3
px_width,1032,3
px_width,1796,3
px_width,711,3
px_width,1951,3
px_width,1304,3
px_width,1897,3
px_width,989,3
px_width,1352,3
px_width,1850,3
px_width,1205,3
px_width,1504,3
px_width,1586,2
px_width,1301,2
px_width,1605,2
px_width,1300,2
px_width,1648,2
px_width,773,2
px_width,999,2
px_width,718,2
px_width,1917,2
px_width,895,2
px_width,1491,2
px_width,1337,2
px_width,1558,2
px_width,1151,2
px_width,1763,2
px_width,1472,2
px_width,1658,2
px_width,922,2
px_width,1579,2
px_width,644,2
px_width,1143,2
px_width,684,2
px_width,1862,2
px_width,1536,2
px_width,516,2
px_width,672,2
px_width,1710,2
px_width,1704,2
px_width,747,2
px_width,809,2
px_width,1306,2
px_width,1771,2
px_width,1987,2
px_width,1465,2
px_width,1022,2
px_width,1096,2
px_width,727,2
px_width,599,2
px_width,1230,2
px_width,906,2
px_width,1682,2
px_width,1176,2
px_width,1722,2
px_width,1171,2
px_width,1642,2
px_width,991,2
px_width,1318,2
px_width,1532,2
px_width,501,2
px_width,1327,2
px_width,1374,2
px_width,1000,2
px_width,544,2
px_width,759,2
px_width,938,2
px_width,1630,2
px_width,1416,2
px_width,760,2
px_width,857,2
px_width,1100,2
px_width,1239,2
px_width,1578,2
px_width,1878,2
px_width,1293,2
px_width,756,2
px_width,1084,2
px_width,1238,2
px_width,643,2
px_width,1738,2
px_width,1062,2
px_width,1728,2
px_width,979,2
px_width,1614,2
px_width,1004,2
px_width,533,2
px_width,1496,2
px_width,1769,2
px_width,855,2
px_width,1167,2
px_width,1386,2
px_width,941,2
px_width,1039,2
px_width,865,2
px_width,1676,2
px_width,909,2
px_width,613,2
px_width,745,2
px_width,1896,2
px_width,846,2
px_width,1389,2
px_width,565,2
px_width,887,2
px_width,912,2
px_width,1892,2
px_width,1144,2
px_width,1037,2
px_width,620,2
px_width,807,2
px_width,1473,2
px_width,1656,2
px_width,1134,2
px_width,1156,2
px_width,1227,2
px_width,1709,2
px_width,1099,2
px_width,833,2
px_width,509,2
px_width,1811,2
px_width,1288,2
px_width,1673,2
px_width,1127,2
px_width,1289,2
px_width,1853,2
px_width,957,2
px_width,1643,2
px_width,1211,2
px_width,1177,2
px_width,1904,2
px_width,1351,2
px_width,844,2
px_width,623,2
px_width,1007,2
px_width,1021,2
px_width,1103,2
px_width,1492,2
px_width,512,2
px_width,1639,2
px_width,925,2
px_width,1551,2
px_width,675,2
px_width,1175,2
px_width,1010,2
px_width,892,2
px_width,584,2
px_width,1727,2
px_width,542,2
px_width,1196,2
px_width,656,2
px_width,1531,2
px_width,1432,2
px_width,1500,2
px_width,671,2
px_width,1583,2
px_width,791,2
px_width,1073,2
px_width,783,2
px_width,1145,2
px_width,530,2
px_width,697,2
px_width,832,2
px_width,1267,2
px_width,1382,2
px_width,1076,2
px_width,688,2
px_width,734,2
px_width,704,2
px_width,1889,2
px_width,1165,2
px_width,1123,2
px_width,1445,2
px_width,1424,2
px_width,1452,2
px_width,806,2
px_width,849,2
px_width,947,2
px_width,1930,2
px_width,1641,2
px_width,821,2
px_width,1448,2
px_width,605,2
px_width,1482,2
px_width,1229,2
px_width,932,2
px_width,1968,2
px_width,1913,2
px_width,1087,2
px_width,1976,2
px_width,864,2
px_width,1994,2
px_width,1348,2
px_width,1356,2
px_width,1553,2
px_width,663,2
px_width,1623,2
px_width,1782,2
px_width,1964,2
px_width,571,2
px_width,1805,2
px_width,722,2
px_width,646,2
px_width,1309,2
px_width,1261,2
px_width,661,2
px_width,1155,2
px_width,1019,2
px_width,618,2
px_width,1394,2
px_width,1197,2
px_width,614,2
px_width,1334,2
px_width,558,2
px_width,1420,2
px_width,1877,2
px_width,1377,2
px_width,1538,2
px_width,511,2
px_width,541,2
px_width,1219,2
px_width,1915,2
px_width,982,2
px_width,1747,2
px_width,1506,2
px_width,1350,2
px_width,550,2
px_width,888,2
px_width,721,2
px_width,1233,2
px_width,1105,2
px_width,1929,2
px_width,1220,2
px_width,1398,2
px_width,517,2
px_width,741,2
px_width,1864,2
px_width,1456,2
px_width,810,2
px_width,683,2
px_width,1891,2
px_width,1331,2
px_width,500,2
px_width,662,2
px_width,954,2
px_width,1737,2
px_width,926,2
px_width,794,2
px_width,1634,2
px_width,1106,2
px_width,1617,2
px_width,1570,2
px_width,638,2
px_width,1611,2
px_width,836,2
px_width,984,2
px_width,902,2
px_width,1509,2
px_width,520,2
px_width,1903,2
px_width,1308,2
px_width,699,2
px_width,1652,2
px_width,1385,2
px_width,1698,2
px_width,1381,2
px_width,873,2
px_width,1242,2
px_width,775,2
px_width,1235,2
px_width,1052,2
px_width,1434,2
px_width,557,2
px_width,1876,2
px_width,645,2
px_width,1370,2
px_width,1478,2
px_width,754,2
px_width,1075,2
px_width,1919,2
px_width,1249,2
px_width,1975,2
px_width,564,2
px_width,1071,2
px_width,994,2
px_width,763,2
px_width,1292,2
px_width,1497,2
px_width,967,2
px_width,655,2
px_width,1499,2
px_width,1898,2
px_width,1020,2
px_width,1688,2
px_width,705,2
px_width,1078,2
px_width,652,2
px_width,1948,2
px_width,1361,2
px_width,1023,2
px_width,1442,2
px_width,1795,2
px_width,1104,2
px_width,1161,2
px_width,1413,2
px_width,621,2
px_width,1131,2
px_width,1038,2
px_width,1754,2
px_width,980,2
px_width,629,2
px_width,1543,2
px_width,1462,2
px_width,1604,2
px_width,1606,2
px_width,765,2
px_width,867,2
px_width,1980,2
px_width,1884,2
px_width,899,2
px_width,1433,2
px_width,1533,2
px_width,616,2
px_width,1743,2
px_width,799,2
px_width,860,2
px_width,793,2
px_width,1972,2
px_width,870,2
px_width,1777,2
px_width,580,2
px_width,969,2
px_width,1965,2
px_width,1484,2
px_width,820,2
px_width,1056,2
px_width,695,2
px_width,1649,2
px_width,786,2
px_width,1248,2
px_width,1758,2
px_width,1376,2
px_width,1108,2
px_width,728,2
px_width,1791,2
px_width,1366,2
px_width,1798,2
px_width,1269,2
px_width,990,2
px_width,574,2
px_width,1716,2
px_width,687,2
px_width,1529,2
px_width,1629,2
px_width,513,2
px_width,1025,2
px_width,1967,2
px_width,858,2
px_width,956,2
px_width,545,2
px_width,637,2
px_width,562,2
px_width,740,2
px_width,1974,2
px_width,1244,2
px_width,1471,2
px_width,1133,2
px_width,1033,2
px_width,590,2
px_width,1925,2
px_width,826,2
px_width,1661,2
px_width,973,2
px_width,1615,2
px_width,1810,2
px_width,1681,1
px_width,903,1
px_width,850,1
px_width,1250,1
px_width,540,1
px_width,547,1
px_width,1217,1
px_width,1893,1
px_width,694,1
px_width,975,1
px_width,1619,1
px_width,1957,1
px_width,1981,1
px_width,1527,1
px_width,1273,1
px_width,686,1
px_width,1708,1
px_width,1340,1
px_width,1027,1
px_width,581,1
px_width,1132,1
px_width,1618,1
px_width,1225,1
px_width,948,1
px_width,1400,1
px_width,518,1
px_width,1362,1
px_width,1846,1
px_width,798,1
px_width,1869,1
px_width,1886,1
px_width,1387,1
px_width,1252,1
px_width,1899,1
px_width,1756,1
px_width,771,1
px_width,1954,1
px_width,1057,1
px_width,1593,1
px_width,1609,1
px_width,707,1
px_width,1338,1
px_width,1544,1
px_width,1335,1
px_width,1712,1
px_width,768,1
px_width,1012,1
px_width,863,1
px_width,876,1
px_width,1841,1
px_width,551,1
px_width,1422,1
px_width,1788,1
px_width,1344,1
px_width,1278,1
px_width,1732,1
px_width,1147,1
px_width,1461,1
px_width,778,1
px_width,598,1
px_width,1486,1
px_width,1616,1
px_width,1752,1
px_width,1122,1
px_width,1049,1
px_width,640,1
px_width,696,1
px_width,1894,1
px_width,568,1
px_width,1210,1
px_width,1454,1
px_width,1274,1
px_width,1773,1
px_width,1662,1
px_width,1766,1
px_width,1066,1
px_width,784,1
px_width,1683,1
px_width,1402,1
px_width,802,1
px_width,1528,1
px_width,1990,1
px_width,1310,1
px_width,961,1
px_width,1622,1
px_width,1678,1
px_width,1524,1
px_width,1783,1
px_width,1694,1
px_width,1098,1
px_width,569,1
px_width,1193,1
px_width,1831,1
px_width,1534,1
px_width,1135,1
px_width,528,1
px_width,1430,1
px_width,1839,1
px_width,1760,1
px_width,1343,1
px_width,1414,1
px_width,1115,1
px_width,1149,1
px_width,789,1
px_width,1852,1
px_width,1231,1
px_width,1962,1
px_width,951,1
px_width,1129,1
px_width,1635,1
px_width,1371,1
px_width,1006,1
px_width,908,1
px_width,708,1
px_width,712,1
px_width,529,1
px_width,839,1
px_width,1851,1
px_width,1030,1
px_width,538,1
px_width,732,1
px_width,1415,1
px_width,1440,1
px_width,748,1
px_width,591,1
px_width,918,1
px_width,1794,1
px_width,1817,1
px_width,840,1
px_width,678,1
px_width,1608,1
px_width,1141,1
px_width,1721,1
px_width,1466,1
px_width,1397,1
px_width,582,1
px_width,657,1
px_width,1979,1
px_width,1396,1
px_width,537,1
px_width,885,1
px_width,651,1
px_width,737,1
px_width,854,1
px_width,1426,1
px_width,743,1
px_width,1890,1
px_width,610,1
px_width,1696,1
px_width,615,1
px_width,1912,1
px_width,725,1
px_width,1888,1
px_width,1436,1
px_width,769,1
px_width,1870,1
px_width,1451,1
px_width,1255,1
px_width,872,1
px_width,1275,1
px_width,534,1
px_width,1254,1
px_width,1879,1
px_width,1603,1
px_width,593,1
px_width,1800,1
px_width,1150,1
px_width,1035,1
px_width,713,1
px_width,1780,1
px_width,1645,1
px_width,1790,1
px_width,1373,1
px_width,853,1
px_width,1546,1
px_width,1405,1
px_width,1776,1
px_width,1718,1
px_width,1111,1
px_width,1399,1
px_width,1932,1
px_width,1003,1
px_width,647,1
px_width,1575,1
px_width,1950,1
px_width,738,1
px_width,866,1
px_width,1183,1
px_width,1692,1
px_width,1349,1
px_width,1431,1
px_width,1880,1
px_width,1363,1
px_width,977,1
px_width,978,1
px_width,1449,1
px_width,1857,1
px_width,1240,1
px_width,1287,1
px_width,703,1
px_width,1945,1
px_width,1802,1
px_width,636,1
px_width,1407,1
px_width,1567,1
px_width,851,1
px_width,1307,1
px_width,1806,1
px_width,1083,1
px_width,770,1
px_width,1207,1
px_width,1848,1
px_width,1829,1
px_width,788,1
px_width,1180,1
px_width,1258,1
px_width,1064,1
px_width,878,1
px_width,1986,1
px_width,1566,1
px_width,503,1
px_width,508,1
px_width,1290,1
px_width,1113,1
px_width,1164,1
px_width,1148,1
px_width,1944,1
px_width,1540,1
px_width,815,1
px_width,1372,1
px_width,1459,1
px_width,761,1
px_width,1487,1
px_width,700,1
px_width,1646,1
px_width,1245,1
px_width,1028,1
px_width,1550,1
px_width,1483,1
px_width,1952,1
px_width,1503,1
px_width,1375,1
px_width,665,1
px_width,1581,1
px_width,1729,1
px_width,639,1
px_width,1584,1
px_width,1280,1
px_width,1253,1
px_width,757,1
px_width,1750,1
px_width,549,1
px_width,1059,1
px_width,1505,1
px_width,1922,1
px_width,1116,1
px_width,1438,1
px_width,577,1
px_width,1251,1
px_width,1674,1
px_width,1016,1
px_width,1565,1
px_width,992,1
px_width,811,1
px_width,1711,1
px_width,1421,1
px_width,814,1
px_width,1031,1
px_width,575,1
px_width,1282,1
px_width,1510,1
px_width,749,1
px_width,1186,1
px_width,1703,1
px_width,1048,1
px_width,1706,1
px_width,981,1
px_width,1866,1
px_width,1748,1
px_width,1621,1
px_width,1655,1
px_width,1909,1
px_width,1664,1
px_width,1458,1
px_width,883,1
px_width,1489,1
px_width,572,1
px_width,1812,1
px_width,1895,1
px_width,1699,1
px_width,1339,1
px_width,1675,1
px_width,1518,1
px_width,859,1
px_width,1092,1
px_width,1671,1
px_width,1865,1
px_width,1243,1
px_width,735,1
px_width,766,1
px_width,1384,1
px_width,1799,1
px_width,1998,1
px_width,1914,1
px_width,650,1
px_width,907,1
px_width,1589,1
px_width,1733,1
px_width,566,1
px_width,1130,1
px_width,1388,1
px_width,723,1
px_width,776,1
px_width,1168,1
px_width,515,1
px_width,1511,1
px_width,1991,1
px_width,1184,1
px_width,1508,1
px_width,998,1
px_width,1450,1
px_width,1587,1
px_width,1665,1
px_width,1815,1
px_width,1358,1
px_width,1627,1
px_width,862,1
px_width,1050,1
px_width,1325,1
px_width,1158,1
px_width,1719,1
px_width,889,1
px_width,658,1
px_width,632,1
px_width,1354,1
px_width,630,1
px_width,1911,1
px_width,1157,1
px_width,750,1
px_width,592,1
px_width,1439,1
px_width,861,1
px_width,1313,1
px_width,1807,1
px_width,1785,1
px_width,548,1
px_width,1594,1
px_width,1940,1
px_width,1580,1
px_width,1582,1
px_width,848,1
px_width,1901,1
px_width,1058,1
px_width,1341,1
px_width,1139,1
px_width,904,1
px_width,1753,1
px_width,1715,1
px_width,726,1
px_width,1315,1
px_width,1302,1
px_width,1126,1
px_width,1949,1
px_width,1173,1
px_width,1138,1
px_width,1101,1
px_width,901,1
px_width,1701,1
px_width,1232,1
px_width,1501,1
px_width,781,1
px_width,619,1
px_width,1468,1
px_width,1705,1
px_width,1476,1
px_width,1223,1
px_width,1797,1
px_width,596,1
px_width,1053,1
px_width,758,1
px_width,1495,1
px_width,1241,1
px_width,1082,1
px_width,1237,1
px_width,964,1
px_width,585,1
px_width,1493,1
px_width,1185,1
px_width,792,1
px_width,843,1
px_width,1740,1
px_width,842,1
px_width,1761,1
px_width,845,1
px_width,1768,1
px_width,631,1
px_width,1937,1
px_width,1136,1
px_width,1801,1
px_width,1992,1
px_width,1272,1
px_width,830,1
px_width,1996,1
px_width,1359,1
px_width,648,1
px_width,570,1
px_width,521,1
px_width,1065,1
px_width,698,1
px_width,1902,1
px_width,1667,1
px_width,1960,1
px_width,1631,1
px_width,890,1
px_width,879,1
px_width,653,1
px_width,1392,1
px_width,1427,1
px_width,1731,1
px_width,875,1
px_width,635,1
px_width,622,1
px_width,1626,1
px_width,1515,1
px_width,1008,1
px_width,1490,1
px_width,607,1
px_width,1636,1
px_width,1305,1
px_width,1966,1
px_width,1602,1
px_width,1607,1
px_width,1762,1
px_width,1926,1
px_width,556,1
px_width,1014,1
px_width,525,1
px_width,1843,1
px_width,797,1
px_width,1043,1
px_width,669,1
px_width,966,1
px_width,1401,1
px_width,1555,1
px_width,1298,1
px_width,1637,1
px_width,1068,1
px_width,536,1
px_width,1697,1
px_width,869,1
px_width,1764,1
px_width,1324,1
px_width,594,1
px_width,1320,1
px_width,1687,1
px_width,1069,1
px_width,1170,1
px_width,1347,1
px_width,1464,1
px_width,1997,1
px_width,930,1
px_width,1577,1
px_width,1395,1
px_width,1485,1
px_width,886,1
px_width,1169,1
px_width,1360,1
px_width,1423,1
px_width,1181,1
px_width,690,1
px_width,1228,1
px_width,1523,1
px_width,1513,1
px_width,812,1
px_width,1081,1
px_width,1406,1
px_width,1660,1
px_width,946,1
px_width,1977,1
px_width,1741,1
px_width,1668,1
px_width,1571,1
px_width,1326,1
px_width,692,1
px_width,1222,1
px_width,1051,1
px_width,1982,1
px_width,1336,1
px_width,1928,1
px_width,962,1
px_width,1559,1
px_width,1312,1
px_width,1816,1
px_width,1391,1
px_width,1001,1
px_width,673,1
px_width,928,1
px_width,1659,1
px_width,1973,1
px_width,506,1
px_width,1460,1
px_width,674,1
px_width,1542,1
px_width,940,1
px_width,983,1
px_width,1403,1
px_width,1735,1
px_width,719,1
px_width,1215,1
px_width,917,1
px_width,1808,1
px_width,1908,1
px_width,1077,1
px_width,1516,1
px_width,1956,1
px_width,1404,1
px_width,1453,1
px_width,1819,1
px_width,1556,1
px_width,1119,1
px_width,937,1
px_width,1514,1
px_width,1560,1
px_width,1200,1
px_width,1647,1
px_width,1125,1
px_width,1367,1
px_width,1569,1
px_width,1481,1
px_width,1632,1
ram,1464,4
ram,3142,4
ram,2610,4
ram,2227,4
ram,1229,4
ram,3654,3
ram,1277,3
ram,1050,3
ram,2775,3
ram,2674,3
ram,1122,3
ram,3703,3
ram,2190,3
ram,1214,3
ram,1974,3
ram,1958,3
ram,841,3
ram,2598,3
ram,3242,3
ram,3869,3
ram,315,3
ram,1457,3
ram,590,3
ram,1998,3
ram,1724,3
ram,1303,3
ram,1412,3
ram,1713,3
ram,3488,3
ram,2073,3
ram,1519,3
ram,595,3
ram,2334,3
ram,2746,3
ram,3210,3
ram,2107,3
ram,3117,3
ram,1869,3
ram,509,3
ram,2052,3
ram,1300,3
ram,2488,3
ram,3206,3
ram,3865,3
ram,2885,3
ram,2574,3
ram,1675,3
ram,1037,3
ram,1886,3
ram,2944,3
ram,2700,3
ram,594,3
ram,2973,3
ram,2563,3
ram,1851,3
ram,2977,3
ram,348,3
ram,3615,3
ram,2819,3
ram,3153,3
ram,2678,3
ram,2832,3
ram,2651,3
ram,606,3
ram,869,2
ram,3566,2
ram,3483,2
ram,1028,2
ram,1183,2
ram,1861,2
ram,1333,2
ram,3396,2
ram,1155,2
ram,1424,2
ram,343,2
ram,316,2
ram,462,2
ram,2711,2
ram,2528,2
ram,980,2
ram,1185,2
ram,445,2
ram,1693,2
ram,1667,2
ram,2003,2
ram,3269,2
ram,1543,2
ram,1223,2
ram,1853,2
ram,2156,2
ram,665,2
ram,574,2
ram,1891,2
ram,298,2
ram,1017,2
ram,3970,2
ram,2339,2
ram,3278,2
ram,3454,2
ram,2367,2
ram,3672,2
ram,2549,2
ram,435,2
ram,1459,2
ram,2915,2
ram,1470,2
ram,2927,2
ram,941,2
ram,2727,2
ram,2855,2
ram,1641,2
ram,1938,2
ram,3139,2
ram,1201,2
ram,3451,2
ram,2801,2
ram,990,2
ram,1322,2
ram,1637,2
ram,1633,2
ram,663,2
ram,1234,2
ram,714,2
ram,1774,2
ram,1655,2
ram,725,2
ram,3927,2
ram,336,2
ram,2457,2
ram,418,2
ram,3701,2
ram,258,2
ram,2355,2
ram,604,2
ram,2335,2
ram,3915,2
ram,3518,2
ram,489,2
ram,3411,2
ram,1175,2
ram,1052,2
ram,624,2
ram,3917,2
ram,1587,2
ram,1400,2
ram,3564,2
ram,582,2
ram,2532,2
ram,1414,2
ram,3684,2
ram,3652,2
ram,2360,2
ram,1246,2
ram,1305,2
ram,3393,2
ram,3132,2
ram,3078,2
ram,2110,2
ram,3892,2
ram,3105,2
ram,1656,2
ram,1947,2
ram,3568,2
ram,2392,2
ram,619,2
ram,3497,2
ram,3397,2
ram,3038,2
ram,3358,2
ram,2454,2
ram,1653,2
ram,1944,2
ram,3796,2
ram,2638,2
ram,1824,2
ram,2736,2
ram,2378,2
ram,3438,2
ram,2376,2
ram,2278,2
ram,629,2
ram,3424,2
ram,485,2
ram,3033,2
ram,3458,2
ram,424,2
ram,1075,2
ram,1754,2
ram,2800,2
ram,545,2
ram,1591,2
ram,587,2
ram,819,2
ram,1816,2
ram,2248,2
ram,2438,2
ram,3646,2
ram,1241,2
ram,323,2
ram,1083,2
ram,2066,2
ram,3260,2
ram,2173,2
ram,3317,2
ram,999,2
ram,2829,2
ram,2219,2
ram,2495,2
ram,2361,2
ram,1783,2
ram,1882,2
ram,1732,2
ram,1018,2
ram,1284,2
ram,3925,2
ram,584,2
ram,751,2
ram,1301,2
ram,2385,2
ram,1817,2
ram,436,2
ram,2419,2
ram,2518,2
ram,1069,2
ram,1419,2
ram,2253,2
ram,2735,2
ram,3771,2
ram,1652,2
ram,1704,2
ram,3914,2
ram,3622,2
ram,824,2
ram,1973,2
ram,2304,2
ram,961,2
ram,1620,2
ram,2437,2
ram,3809,2
ram,783,2
ram,643,2
ram,3707,2
ram,2382,2
ram,1571,2
ram,1930,2
ram,3941,2
ram,2456,2
ram,3746,2
ram,3991,2
ram,1513,2
ram,3902,2
ram,3916,2
ram,2614,2
ram,1663,2
ram,1905,2
ram,3872,2
ram,1403,2
ram,820,2
ram,3764,2
ram,1086,2
ram,1205,2
ram,696,2
ram,2246,2
ram,2577,2
ram,2870,2
ram,770,2
ram,2020,2
ram,2096,2
ram,1906,2
ram,3204,2
ram,1380,2
ram,3762,2
ram,2473,2
ram,586,2
ram,2648,2
ram,278,2
ram,3629,2
ram,593,2
ram,1179,2
ram,1440,2
ram,2908,2
ram,2552,2
ram,3314,2
ram,905,2
ram,3799,2
ram,2958,2
ram,690,2
ram,2466,2
ram,470,2
ram,3366,2
ram,3355,2
ram,3834,2
ram,2192,2
ram,3836,2
ram,2296,2
ram,392,2
ram,3755,2
ram,1433,2
ram,2583,2
ram,2782,2
ram,2311,2
ram,2373,2
ram,1733,2
ram,3845,2
ram,707,2
ram,3587,2
ram,3256,2
ram,1326,2
ram,3169,2
ram,2150,2
ram,1629,2
ram,504,2
ram,1152,2
ram,2844,2
ram,3709,2
ram,2337,2
ram,2268,2
ram,2676,2
ram,2343,2
ram,2016,2
ram,3472,2
ram,1354,2
ram,2341,2
ram,2965,2
ram,3534,2
ram,1799,2
ram,3248,2
ram,3685,2
ram,398,2
ram,1324,2
ram,3801,2
ram,2338,2
ram,2399,2
ram,2981,2
ram,340,2
ram,2243,2
ram,728,2
ram,2940,2
ram,3484,2
ram,1687,2
ram,797,2
ram,2048,2
ram,854,2
ram,2822,2
ram,2177,2
ram,2317,2
ram,1601,2
ram,3323,2
ram,1308,2
ram,2462,2
ram,2050,2
ram,2948,2
ram,3704,2
ram,1846,2
ram,666,2
ram,2698,2
ram,2394,2
ram,3104,2
ram,2039,2
ram,461,2
ram,1595,2
ram,3946,2
ram,1482,2
ram,3220,2
ram,3271,2
ram,575,2
ram,417,2
ram,568,2
ram,1181,2
ram,1781,1
ram,1430,1
ram,3756,1
ram,2301,1
ram,851,1
ram,1108,1
ram,362,1
ram,2787,1
ram,3208,1
ram,3063,1
ram,3579,1
ram,673,1
ram,3700,1
ram,1375,1
ram,2620,1
ram,437,1
ram,3774,1
ram,1218,1
ram,799,1
ram,3407,1
ram,3606,1
ram,2575,1
ram,2469,1
ram,2166,1
ram,1180,1
ram,465,1
ram,2014,1
ram,3056,1
ram,921,1
ram,3900,1
ram,1456,1
ram,441,1
ram,1105,1
ram,2064,1
ram,2693,1
ram,1142,1
ram,1060,1
ram,2381,1
ram,1339,1
ram,3262,1
ram,1719,1
ram,1341,1
ram,2560,1
ram,285,1
ram,2476,1
ram,1862,1
ram,3178,1
ram,733,1
ram,755,1
ram,756,1
ram,391,1
ram,1534,1
ram,2391,1
ram,2636,1
ram,968,1
ram,2282,1
ram,3833,1
ram,3585,1
ram,2043,1
ram,2132,1
ram,2086,1
ram,577,1
ram,1316,1
ram,2032,1
ram,1742,1
ram,3265,1
ram,2115,1
ram,3144,1
ram,2517,1
ram,312,1
ram,1747,1
ram,493,1
ram,3057,1
ram,3340,1
ram,2790,1
ram,560,1
ram,793,1
ram,1068,1
ram,2784,1
ram,3593,1
ram,1355,1
ram,832,1
ram,991,1
ram,912,1
ram,722,1
ram,2802,1
ram,1780,1
ram,1247,1
ram,724,1
ram,1368,1
ram,3066,1
ram,403,1
ram,1389,1
ram,2316,1
ram,1356,1
ram,953,1
ram,3571,1
ram,3465,1
ram,3962,1
ram,299,1
ram,3209,1
ram,3839,1
ram,1032,1
ram,1273,1
ram,2514,1
ram,3623,1
ram,368,1
ram,928,1
ram,3130,1
ram,3784,1
ram,3885,1
ram,1221,1
ram,1494,1
ram,1471,1
ram,2001,1
ram,1486,1
ram,1321,1
ram,704,1
ram,1885,1
ram,1877,1
ram,3499,1
ram,2124,1
ram,893,1
ram,2522,1
ram,3978,1
ram,668,1
ram,3155,1
ram,1829,1
ram,1642,1
ram,2719,1
ram,1850,1
ram,2836,1
ram,2573,1
ram,387,1
ram,2968,1
ram,892,1
ram,2498,1
ram,467,1
ram,345,1
ram,3022,1
ram,967,1
ram,1112,1
ram,1871,1
ram,815,1
ram,2592,1
ram,874,1
ram,3681,1
ram,2262,1
ram,3197,1
ram,3143,1
ram,737,1
ram,2452,1
ram,2286,1
ram,2668,1
ram,2857,1
ram,1857,1
ram,1396,1
ram,2470,1
ram,2372,1
ram,3012,1
ram,3300,1
ram,1267,1
ram,2216,1
ram,2814,1
ram,2094,1
ram,2315,1
ram,2519,1
ram,1832,1
ram,2867,1
ram,735,1
ram,1744,1
ram,1386,1
ram,2313,1
ram,2022,1
ram,1716,1
ram,1080,1
ram,1454,1
ram,2290,1
ram,2358,1
ram,3940,1
ram,495,1
ram,3851,1
ram,2215,1
ram,2023,1
ram,931,1
ram,1344,1
ram,2074,1
ram,1282,1
ram,2865,1
ram,757,1
ram,3469,1
ram,635,1
ram,3305,1
ram,959,1
ram,2635,1
ram,621,1
ram,454,1
ram,2459,1
ram,2321,1
ram,3601,1
ram,1150,1
ram,3767,1
ram,876,1
ram,3431,1
ram,2706,1
ram,659,1
ram,455,1
ram,2389,1
ram,2506,1
ram,2195,1
ram,2694,1
ram,3436,1
ram,887,1
ram,1737,1
ram,2890,1
ram,401,1
ram,681,1
ram,687,1
ram,3212,1
ram,3548,1
ram,1647,1
ram,3883,1
ram,2479,1
ram,773,1
ram,2036,1
ram,2130,1
ram,878,1
ram,402,1
ram,2481,1
ram,1936,1
ram,3077,1
ram,3637,1
ram,896,1
ram,2349,1
ram,774,1
ram,3430,1
ram,3964,1
ram,1887,1
ram,2114,1
ram,1542,1
ram,3862,1
ram,2200,1
ram,296,1
ram,571,1
ram,3230,1
ram,3565,1
ram,1503,1
ram,872,1
ram,3392,1
ram,262,1
ram,530,1
ram,2562,1
ram,2632,1
ram,259,1
ram,688,1
ram,2554,1
ram,3859,1
ram,3433,1
ram,885,1
ram,3351,1
ram,862,1
ram,2033,1
ram,3510,1
ram,1695,1
ram,2666,1
ram,3476,1
ram,3930,1
ram,2515,1
ram,2803,1
ram,3127,1
ram,2715,1
ram,2623,1
ram,3400,1
ram,543,1
ram,1734,1
ram,2013,1
ram,1686,1
ram,957,1
ram,2259,1
ram,1167,1
ram,3990,1
ram,920,1
ram,1875,1
ram,2240,1
ram,3761,1
ram,2785,1
ram,984,1
ram,3899,1
ram,1622,1
ram,1149,1
ram,3282,1
ram,313,1
ram,3083,1
ram,2967,1
ram,3494,1
ram,3614,1
ram,817,1
ram,2256,1
ram,3124,1
ram,1598,1
ram,2929,1
ram,3122,1
ram,267,1
ram,1208,1
ram,425,1
ram,1345,1
ram,1552,1
ram,3202,1
ram,558,1
ram,2328,1
ram,1302,1
ram,2359,1
ram,2273,1
ram,2750,1
ram,1672,1
ram,1249,1
ram,2921,1
ram,412,1
ram,1813,1
ram,3887,1
ram,1825,1
ram,2258,1
ram,3235,1
ram,1244,1
ram,2090,1
ram,3695,1
ram,1646,1
ram,1550,1
ram,2131,1
ram,3362,1
ram,639,1
ram,1053,1
ram,263,1
ram,1113,1
ram,2847,1
ram,1115,1
ram,1743,1
ram,1794,1
ram,879,1
ram,3933,1
ram,3094,1
ram,2658,1
ram,2521,1
ram,292,1
ram,256,1
ram,1365,1
ram,464,1
ram,3284,1
ram,2049,1
ram,1393,1
ram,3064,1
ram,3241,1
ram,2757,1
ram,3330,1
ram,867,1
ram,562,1
ram,1193,1
ram,3742,1
ram,1999,1
ram,2625,1
ram,1295,1
ram,2460,1
ram,1044,1
ram,804,1
ram,2548,1
ram,2725,1
ram,3249,1
ram,2992,1
ram,1338,1
ram,3966,1
ram,1659,1
ram,3437,1
ram,2175,1
ram,361,1
ram,291,1
ram,3905,1
ram,1491,1
ram,1567,1
ram,1798,1
ram,940,1
ram,2203,1
ram,3473,1
ram,3338,1
ram,2201,1
ram,1610,1
ram,3024,1
ram,512,1
ram,3610,1
ram,1077,1
ram,1540,1
ram,1082,1
ram,1788,1
ram,3541,1
ram,3322,1
ram,524,1
ram,3555,1
ram,1258,1
ram,609,1
ram,3285,1
ram,2319,1
ram,1612,1
ram,3259,1
ram,3115,1
ram,2854,1
ram,3586,1
ram,1751,1
ram,2322,1
ram,354,1
ram,2308,1
ram,456,1
ram,1422,1
ram,3141,1
ram,909,1
ram,838,1
ram,3376,1
ram,1382,1
ram,1212,1
ram,1507,1
ram,3957,1
ram,1348,1
ram,1384,1
ram,1812,1
ram,1309,1
ram,3442,1
ram,2821,1
ram,641,1
ram,1607,1
ram,3521,1
ram,378,1
ram,2402,1
ram,2302,1
ram,3632,1
ram,1590,1
ram,2072,1
ram,1196,1
ram,1417,1
ram,2157,1
ram,1769,1
ram,1666,1
ram,2644,1
ram,794,1
ram,2331,1
ram,531,1
ram,2189,1
ram,1280,1
ram,2572,1
ram,3267,1
ram,857,1
ram,2439,1
ram,726,1
ram,3511,1
ram,2520,1
ram,1276,1
ram,686,1
ram,1568,1
ram,792,1
ram,763,1
ram,3943,1
ram,3721,1
ram,1628,1
ram,3372,1
ram,657,1
ram,2633,1
ram,3911,1
ram,3297,1
ram,2974,1
ram,3423,1
ram,1868,1
ram,1005,1
ram,2171,1
ram,2754,1
ram,881,1
ram,1220,1
ram,769,1
ram,471,1
ram,2926,1
ram,650,1
ram,1161,1
ram,3948,1
ram,318,1
ram,1012,1
ram,712,1
ram,780,1
ram,3736,1
ram,739,1
ram,2916,1
ram,265,1
ram,1146,1
ram,2294,1
ram,1462,1
ram,503,1
ram,2738,1
ram,1404,1
ram,708,1
ram,324,1
ram,1907,1
ram,3563,1
ram,3154,1
ram,2933,1
ram,1593,1
ram,3296,1
ram,1919,1
ram,2029,1
ram,308,1
ram,2722,1
ram,1337,1
ram,2184,1
ram,1133,1
ram,2671,1
ram,2424,1
ram,3894,1
ram,440,1
ram,1836,1
ram,702,1
ram,2647,1
ram,2002,1
ram,3495,1
ram,3183,1
ram,3167,1
ram,3675,1
ram,3480,1
ram,3162,1
ram,555,1
ram,2872,1
ram,2182,1
ram,3577,1
ram,3011,1
ram,2299,1
ram,1019,1
ram,908,1
ram,1164,1
ram,1379,1
ram,2083,1
ram,1342,1
ram,3696,1
ram,2137,1
ram,2661,1
ram,1903,1
ram,3779,1
ram,685,1
ram,2627,1
ram,3904,1
ram,2004,1
ram,1795,1
ram,2289,1
ram,3996,1
ram,1658,1
ram,552,1
ram,2082,1
ram,2423,1
ram,1921,1
ram,3847,1
ram,432,1
ram,3958,1
ram,2293,1
ram,422,1
ram,3073,1
ram,331,1
ram,2637,1
ram,2753,1
ram,3692,1
ram,3785,1
ram,3657,1
ram,3102,1
ram,916,1
ram,3699,1
ram,364,1
ram,1274,1
ram,473,1
ram,827,1
ram,2280,1
ram,3359,1
ram,2690,1
ram,2686,1
ram,2581,1
ram,2938,1
ram,1036,1
ram,1051,1
ram,3625,1
ram,2369,1
ram,2111,1
ram,2616,1
ram,1243,1
ram,3131,1
ram,3333,1
ram,3969,1
ram,732,1
ram,3918,1
ram,2101,1
ram,3097,1
ram,2895,1
ram,3475,1
ram,3121,1
ram,3264,1
ram,2324,1
ram,2971,1
ram,2523,1
ram,2542,1
ram,706,1
ram,2993,1
ram,2261,1
ram,3185,1
ram,2500,1
ram,1213,1
ram,3822,1
ram,3321,1
ram,1499,1
ram,1228,1
ram,3608,1
ram,447,1
ram,1203,1
ram,3922,1
ram,2211,1
ram,2125,1
ram,1604,1
ram,3660,1
ram,3161,1
ram,1477,1
ram,2044,1
ram,927,1
ram,3945,1
ram,1206,1
ram,952,1
ram,311,1
ram,955,1
ram,1615,1
ram,3252,1
ram,785,1
ram,796,1
ram,651,1
ram,3059,1
ram,834,1
ram,1725,1
ram,715,1
ram,610,1
ram,3739,1
ram,2768,1
ram,3490,1
ram,2969,1
ram,1109,1
ram,1892,1
ram,3215,1
ram,294,1
ram,918,1
ram,1125,1
ram,2084,1
ram,2765,1
ram,429,1
ram,3644,1
ram,463,1
ram,3961,1
ram,3272,1
ram,1970,1
ram,3291,1
ram,2323,1
ram,1965,1
ram,3630,1
ram,3860,1
ram,1731,1
ram,1066,1
ram,3100,1
ram,2728,1
ram,1529,1
ram,2129,1
ram,1434,1
ram,2712,1
ram,3777,1
ram,3716,1
ram,1619,1
ram,2978,1
ram,1948,1
ram,3803,1
ram,3635,1
ram,3416,1
ram,1955,1
ram,2208,1
ram,591,1
ram,864,1
ram,3864,1
ram,2180,1
ram,3955,1
ram,1138,1
ram,1614,1
ram,3838,1
ram,3021,1
ram,2122,1
ram,2492,1
ram,808,1
ram,2244,1
ram,2330,1
ram,2734,1
ram,2511,1
ram,1343,1
ram,1141,1
ram,3890,1
ram,2239,1
ram,2806,1
ram,3648,1
ram,3419,1
ram,2403,1
ram,3937,1
ram,1797,1
ram,1458,1
ram,3348,1
ram,2042,1
ram,2982,1
ram,1107,1
ram,2362,1
ram,3817,1
ram,1043,1
ram,1900,1
ram,2612,1
ram,2756,1
ram,301,1
ram,1070,1
ram,985,1
ram,438,1
ram,457,1
ram,1834,1
ram,3576,1
ram,3760,1
ram,1222,1
ram,837,1
ram,1692,1
ram,880,1
ram,3616,1
ram,1418,1
ram,349,1
ram,1410,1
ram,1971,1
ram,2009,1
ram,2413,1
ram,2593,1
ram,3464,1
ram,1837,1
ram,3448,1
ram,1449,1
ram,907,1
ram,1814,1
ram,2600,1
ram,1047,1
ram,284,1
ram,488,1
ram,2235,1
ram,2962,1
ram,1366,1
ram,1496,1
ram,2863,1
ram,3255,1
ram,3426,1
ram,1945,1
ram,1204,1
ram,3187,1
ram,2871,1
ram,3182,1
ram,790,1
ram,2213,1
ram,3029,1
ram,2597,1
ram,3378,1
ram,3993,1
ram,3068,1
ram,2680,1
ram,3286,1
ram,3763,1
ram,3283,1
ram,1835,1
ram,3752,1
ram,3554,1
ram,373,1
ram,3826,1
ram,2955,1
ram,513,1
ram,1099,1
ram,700,1
ram,1067,1
ram,1411,1
ram,2769,1
ram,2603,1
ram,478,1
ram,3532,1
ram,508,1
ram,1262,1
ram,2148,1
ram,431,1
ram,2910,1
ram,2056,1
ram,3963,1
ram,3112,1
ram,2053,1
ram,2059,1
ram,3238,1
ram,1270,1
ram,1878,1
ram,3339,1
ram,2484,1
ram,3429,1
ram,2113,1
ram,3825,1
ram,1427,1
ram,2589,1
ram,3388,1
ram,720,1
ram,625,1
ram,3791,1
ram,3054,1
ram,2766,1
ram,2458,1
ram,2377,1
ram,3031,1
ram,3846,1
ram,2669,1
ram,588,1
ram,3844,1
ram,978,1
ram,711,1
ram,1022,1
ram,2571,1
ram,3560,1
ram,1717,1
ram,2390,1
ram,1027,1
ram,2332,1
ram,3086,1
ram,1210,1
ram,468,1
ram,1129,1
ram,2513,1
ram,527,1
ram,3352,1
ram,3800,1
ram,1074,1
ram,1702,1
ram,532,1
ram,2169,1
ram,2986,1
ram,829,1
ram,1767,1
ram,3559,1
ram,1362,1
ram,2984,1
ram,3702,1
ram,3770,1
ram,1260,1
ram,2126,1
ram,536,1
ram,490,1
ram,2945,1
ram,1078,1
ram,506,1
ram,2677,1
ram,374,1
ram,1394,1
ram,505,1
ram,2147,1
ram,3557,1
ram,2196,1
ram,3556,1
ram,2060,1
ram,3926,1
ram,2478,1
ram,2842,1
ram,2504,1
ram,1441,1
ram,1046,1
ram,1287,1
ram,1866,1
ram,1665,1
ram,3971,1
ram,3600,1
ram,2505,1
ram,1545,1
ram,3693,1
ram,3965,1
ram,764,1
ram,1472,1
ram,1617,1
ram,3968,1
ram,3383,1
ram,2776,1
ram,654,1
ram,1475,1
ram,2812,1
ram,2942,1
ram,1369,1
ram,2547,1
ram,3412,1
ram,2540,1
ram,515,1
ram,3592,1
ram,1285,1
ram,2351,1
ram,3612,1
ram,3669,1
ram,942,1
ram,1539,1
ram,1968,1
ram,1950,1
ram,3573,1
ram,3328,1
ram,1518,1
ram,2146,1
ram,1252,1
ram,1251,1
ram,703,1
ram,2524,1
ram,3449,1
ram,1360,1
ram,3676,1
ram,1329,1
ram,2197,1
ram,860,1
ram,656,1
ram,3897,1
ram,911,1
ram,3884,1
ram,3302,1
ram,1609,1
ram,2080,1
ram,2631,1
ram,277,1
ram,3361,1
ram,2655,1
ram,3835,1
ram,3724,1
ram,1406,1
ram,2893,1
ram,3002,1
ram,1913,1
ram,1334,1
ram,3006,1
ram,282,1
ram,1790,1
ram,3481,1
ram,542,1
ram,3076,1
ram,3233,1
ram,3535,1
ram,2587,1
ram,676,1
ram,2941,1
ram,3190,1
ram,1436,1
ram,3237,1
ram,3486,1
ram,716,1
ram,3213,1
ram,776,1
ram,286,1
ram,3165,1
ram,2509,1
ram,1993,1
ram,3315,1
ram,2889,1
ram,2934,1
ram,3336,1
ram,1927,1
ram,1172,1
ram,2336,1
ram,929,1
ram,1699,1
ram,3520,1
ram,1377,1
ram,3744,1
ram,3034,1
ram,511,1
ram,1211,1
ram,2622,1
ram,325,1
ram,2641,1
ram,3299,1
ram,3227,1
ram,347,1
ram,1484,1
ram,947,1
ram,3087,1
ram,1095,1
ram,1649,1
ram,3598,1
ram,2030,1
ram,1370,1
ram,3537,1
ram,2705,1
ram,1904,1
ram,3773,1
ram,3705,1
ram,816,1
ram,2085,1
ram,1898,1
ram,1402,1
ram,3745,1
ram,523,1
ram,356,1
ram,1445,1
ram,2265,1
ram,2609,1
ram,3868,1
ram,2752,1
ram,1209,1
ram,1561,1
ram,1531,1
ram,3726,1
ram,2493,1
ram,3538,1
ram,3019,1
ram,1275,1
ram,1401,1
ram,670,1
ram,3624,1
ram,589,1
ram,1808,1
ram,3998,1
ram,3148,1
ram,3647,1
ram,3119,1
ram,1511,1
ram,601,1
ram,2991,1
ram,3912,1
ram,309,1
ram,546,1
ram,570,1
ram,1352,1
ram,1870,1
ram,2019,1
ram,3984,1
ram,971,1
ram,550,1
ram,3506,1
ram,3863,1
ram,934,1
ram,1444,1
ram,667,1
ram,3731,1
ram,1489,1
ram,363,1
ram,2487,1
ram,2172,1
ram,1087,1
ram,3072,1
ram,1409,1
ram,752,1
ram,2249,1
ram,2998,1
ram,1165,1
ram,2144,1
ram,1480,1
ram,3856,1
ram,3881,1
ram,2366,1
ram,448,1
ram,3421,1
ram,565,1
ram,3373,1
ram,705,1
ram,3597,1
ram,1524,1
ram,966,1
ram,3137,1
ram,1896,1
ram,933,1
ram,514,1
ram,2608,1
ram,1432,1
ram,3663,1
ram,1756,1
ram,1762,1
ram,3673,1
ram,2104,1
ram,1076,1
ram,2346,1
ram,1391,1
ram,2675,1
ram,3035,1
ram,3293,1
ram,1336,1
ram,475,1
ram,3720,1
ram,3653,1
ram,1726,1
ram,3595,1
ram,2287,1
ram,2445,1
ram,1701,1
ram,2811,1
ram,701,1
ram,2951,1
ram,759,1
ram,814,1
ram,2447,1
ram,2856,1
ram,1711,1
ram,3886,1
ram,891,1
ram,2430,1
ram,3952,1
ram,850,1
ram,1446,1
ram,719,1
ram,1257,1
ram,3607,1
ram,3309,1
ram,2777,1
ram,861,1
ram,3717,1
ram,3461,1
ram,3501,1
ram,3129,1
ram,1073,1
ram,1897,1
ram,3173,1
ram,2912,1
ram,2606,1
ram,988,1
ram,3655,1
ram,2183,1
ram,1254,1
ram,2799,1
ram,3619,1
ram,3377,1
ram,2405,1
ram,3772,1
ram,1671,1
ram,2953,1
ram,305,1
ram,898,1
ram,1378,1
ram,433,1
ram,3015,1
ram,3487,1
ram,2630,1
ram,1796,1
ram,2501,1
ram,1803,1
ram,1184,1
ram,3713,1
ram,3798,1
ram,1026,1
ram,2103,1
ram,2496,1
ram,2826,1
ram,1094,1
ram,2764,1
ram,404,1
ram,302,1
ram,2295,1
ram,3447,1
ram,3387,1
ram,2858,1
ram,419,1
ram,616,1
ram,3048,1
ram,2236,1
ram,3254,1
ram,520,1
ram,1624,1
ram,2710,1
ram,2078,1
ram,995,1
ram,2406,1
ram,2027,1
ram,2298,1
ram,1735,1
ram,3533,1
ram,3786,1
ram,2896,1
ram,3441,1
ram,969,1
ram,452,1
ram,1510,1
ram,446,1
ram,273,1
ram,950,1
ram,1145,1
ram,626,1
ram,1509,1
ram,3371,1
ram,3176,1
ram,337,1
ram,3714,1
ram,3959,1
ram,2440,1
ram,3406,1
ram,3878,1
ram,740,1
ram,3226,1
ram,411,1
ram,2297,1
ram,2312,1
ram,2167,1
ram,3508,1
ram,297,1
ram,3919,1
sc_h,17,193
sc_h,12,157
sc_h,7,151
sc_h,16,143
sc_h,14,143
sc_h,15,135
sc_h,13,131
sc_h,11,126
sc_h,10,125
sc_h,9,124
sc_h,19,124
sc_h,18,120
sc_h,8,117
sc_h,6,114
sc_h,5,97
sc_w,1,210
sc_w,3,199
sc_w,4,182
sc_w,0,180
sc_w,5,161
sc_w,2,156
sc_w,7,132
sc_w,6,130
sc_w,8,125
sc_w,10,107
sc_w,9,97
sc_w,11,84
sc_w,12,68
sc_w,13,49
sc_w,14,33
sc_w,15,31
sc_w,16,29
sc_w,17,19
sc_w,18,8
talk_time,7,124
talk_time,4,123
talk_time,16,116
talk_time,15,115
talk_time,19,113
talk_time,6,111
talk_time,10,105
talk_time,8,104
talk_time,11,103
talk_time,20,102
talk_time,14,101
talk_time,13,100
talk_time,18,100
talk_time,9,100
talk_time,2,99
talk_time,12,99
talk_time,17,98
talk_time,3,94
talk_time,5,93
three_g,1,1523
three_g,0,477
touch_screen,1,1006
touch_screen,0,994
wifi,1,1014
wifi,0,986
price_range,1,500
price_range,2,500
price_range,3,500
price_range,0,500
